yyyy,Index,D12,E12,b/m,tbl,AAA,BAA,lty,cay,ntis,Rfree,infl,eqis,ltr,corpr,svar,csp,ik,CRSP_SPvw,CRSP_SPvwx
1871,4.74,0.260,0.400,NaN,NaN,NaN,NaN,NaN,NaN,NaN,0.049610,NaN,NaN,NaN,NaN,NaN,NaN,NaN,NaN,NaN
1872,5.07,0.300,0.430,NaN,NaN,NaN,NaN,NaN,NaN,NaN,0.074134,NaN,NaN,NaN,NaN,NaN,NaN,NaN,NaN,NaN
1873,4.42,0.330,0.460,NaN,NaN,NaN,NaN,NaN,NaN,NaN,0.091715,NaN,NaN,NaN,NaN,NaN,NaN,NaN,NaN,NaN
1874,4.54,0.330,0.460,NaN,NaN,NaN,NaN,NaN,NaN,NaN,0.058314,NaN,NaN,NaN,NaN,NaN,NaN,NaN,NaN,NaN
1875,4.37,0.300,0.360,NaN,NaN,NaN,NaN,NaN,NaN,NaN,0.045897,NaN,NaN,NaN,NaN,NaN,NaN,NaN,NaN,NaN
1876,3.58,0.300,0.280,NaN,NaN,NaN,NaN,NaN,NaN,NaN,0.043973,NaN,NaN,NaN,NaN,NaN,NaN,NaN,NaN,NaN
1877,3.25,0.190,0.300,NaN,NaN,NaN,NaN,NaN,NaN,NaN,0.042278,NaN,NaN,NaN,NaN,NaN,NaN,NaN,NaN,NaN
1878,3.45,0.180,0.310,NaN,NaN,NaN,NaN,NaN,NaN,NaN,0.038657,NaN,NaN,NaN,NaN,NaN,NaN,NaN,NaN,NaN
1879,4.92,0.200,0.380,NaN,NaN,NaN,NaN,NaN,NaN,NaN,0.040892,NaN,NaN,NaN,NaN,NaN,NaN,NaN,NaN,NaN
1880,5.84,0.260,0.490,NaN,NaN,NaN,NaN,NaN,NaN,NaN,0.043404,NaN,NaN,NaN,NaN,NaN,NaN,NaN,NaN,NaN
1881,6.01,0.320,0.440,NaN,NaN,NaN,NaN,NaN,NaN,NaN,0.042232,NaN,NaN,NaN,NaN,NaN,NaN,NaN,NaN,NaN
1882,5.84,0.320,0.430,NaN,NaN,NaN,NaN,NaN,NaN,NaN,0.049152,NaN,NaN,NaN,NaN,NaN,NaN,NaN,NaN,NaN
1883,5.34,0.330,0.400,NaN,NaN,NaN,NaN,NaN,NaN,NaN,0.049154,NaN,NaN,NaN,NaN,NaN,NaN,NaN,NaN,NaN
1884,4.34,0.310,0.310,NaN,NaN,NaN,NaN,NaN,NaN,NaN,0.043679,NaN,NaN,NaN,NaN,NaN,NaN,NaN,NaN,NaN
1885,5.20,0.240,0.270,NaN,NaN,NaN,NaN,NaN,NaN,NaN,0.033202,NaN,NaN,NaN,NaN,0.0237389033,NaN,NaN,NaN,NaN
1886,5.64,0.220,0.330,NaN,NaN,NaN,NaN,NaN,NaN,NaN,0.036061,NaN,NaN,NaN,NaN,0.0164586021,NaN,NaN,NaN,NaN
1887,5.27,0.250,0.360,NaN,NaN,NaN,NaN,NaN,NaN,NaN,0.048302,NaN,NaN,NaN,NaN,0.0182984598,NaN,NaN,NaN,NaN
1888,5.14,0.230,0.260,NaN,NaN,NaN,NaN,NaN,NaN,NaN,0.042261,NaN,NaN,NaN,NaN,0.0128506019,NaN,NaN,NaN,NaN
1889,5.32,0.220,0.300,NaN,NaN,NaN,NaN,NaN,NaN,NaN,0.037429,NaN,NaN,NaN,NaN,0.0068740375,NaN,NaN,NaN,NaN
1890,4.60,0.220,0.290,NaN,NaN,NaN,NaN,NaN,NaN,NaN,0.045899,NaN,NaN,NaN,NaN,0.0226210589,NaN,NaN,NaN,NaN
1891,5.41,0.220,0.340,NaN,NaN,NaN,NaN,NaN,NaN,NaN,0.049378,NaN,NaN,NaN,NaN,0.0161235317,NaN,NaN,NaN,NaN
1892,5.51,0.240,0.370,NaN,NaN,NaN,NaN,NaN,NaN,NaN,0.032520,NaN,NaN,NaN,NaN,0.0108861598,NaN,NaN,NaN,NaN
1893,4.41,0.250,0.260,NaN,NaN,NaN,NaN,NaN,NaN,NaN,0.061334,NaN,NaN,NaN,NaN,0.0545843904,NaN,NaN,NaN,NaN
1894,4.30,0.210,0.160,NaN,NaN,NaN,NaN,NaN,NaN,NaN,0.024408,NaN,NaN,NaN,NaN,0.0167387383,NaN,NaN,NaN,NaN
1895,4.32,0.190,0.250,NaN,NaN,NaN,NaN,NaN,NaN,NaN,0.025668,NaN,NaN,NaN,NaN,0.0286897057,NaN,NaN,NaN,NaN
1896,4.22,0.180,0.210,NaN,NaN,NaN,NaN,NaN,NaN,NaN,0.046288,NaN,NaN,NaN,NaN,0.0464332345,NaN,NaN,NaN,NaN
1897,4.75,0.180,0.310,NaN,NaN,NaN,NaN,NaN,NaN,NaN,0.027567,NaN,NaN,NaN,NaN,0.0227515174,NaN,NaN,NaN,NaN
1898,5.65,0.200,0.350,NaN,NaN,NaN,NaN,NaN,NaN,NaN,0.030143,NaN,NaN,NaN,NaN,0.0324244079,NaN,NaN,NaN,NaN
1899,6.02,0.210,0.480,NaN,NaN,NaN,NaN,NaN,NaN,NaN,0.029507,NaN,NaN,NaN,NaN,0.0270965419,NaN,NaN,NaN,NaN
1900,6.87,0.300,0.480,NaN,NaN,NaN,NaN,NaN,NaN,NaN,0.037767,NaN,NaN,NaN,NaN,0.0171601144,NaN,NaN,NaN,NaN
1901,7.95,0.320,0.500,NaN,NaN,NaN,NaN,NaN,NaN,NaN,0.034588,NaN,NaN,NaN,NaN,0.0372929866,NaN,NaN,NaN,NaN
1902,8.05,0.330,0.630,NaN,NaN,NaN,NaN,NaN,NaN,NaN,0.039023,NaN,NaN,NaN,NaN,0.0133930277,NaN,NaN,NaN,NaN
1903,6.57,0.350,0.530,NaN,NaN,NaN,NaN,NaN,NaN,NaN,0.046701,NaN,NaN,NaN,NaN,0.0247455819,NaN,NaN,NaN,NaN
1904,8.25,0.310,0.490,NaN,NaN,NaN,NaN,NaN,NaN,NaN,0.037016,NaN,NaN,NaN,NaN,0.0126688400,NaN,NaN,NaN,NaN
1905,9.54,0.330,0.670,NaN,NaN,NaN,NaN,NaN,NaN,NaN,0.033000,NaN,NaN,NaN,NaN,0.0156370054,NaN,NaN,NaN,NaN
1906,9.84,0.400,0.760,NaN,NaN,NaN,NaN,NaN,NaN,NaN,0.047180,NaN,NaN,NaN,NaN,0.0170919239,NaN,NaN,NaN,NaN
1907,6.57,0.440,0.660,NaN,NaN,NaN,NaN,NaN,NaN,NaN,0.051266,NaN,NaN,NaN,NaN,0.0479790573,NaN,NaN,NaN,NaN
1908,9.03,0.400,0.580,NaN,NaN,NaN,NaN,NaN,NaN,NaN,0.042991,NaN,NaN,NaN,NaN,0.0200521094,NaN,NaN,NaN,NaN
1909,10.30,0.440,0.760,NaN,NaN,NaN,NaN,NaN,NaN,NaN,0.028697,NaN,NaN,NaN,NaN,0.0100348557,NaN,NaN,NaN,NaN
1910,9.05,0.470,0.730,NaN,NaN,NaN,NaN,NaN,NaN,NaN,0.040689,NaN,NaN,NaN,NaN,0.0189077751,NaN,NaN,NaN,NaN
1911,9.11,0.470,0.590,NaN,NaN,NaN,NaN,NaN,NaN,NaN,0.033204,NaN,NaN,NaN,NaN,0.0077835738,NaN,NaN,NaN,NaN
1912,9.38,0.480,0.700,NaN,NaN,NaN,NaN,NaN,NaN,NaN,0.036837,NaN,NaN,NaN,NaN,0.0064542955,NaN,NaN,NaN,NaN
1913,8.04,0.480,0.630,NaN,NaN,NaN,NaN,NaN,NaN,NaN,0.048444,NaN,NaN,NaN,NaN,0.0106753434,NaN,NaN,NaN,NaN
1914,7.35,0.420,0.520,NaN,NaN,NaN,NaN,NaN,NaN,NaN,0.040743,0.0100000000,NaN,NaN,NaN,0.0116005586,NaN,NaN,NaN,NaN
1915,9.48,0.430,0.880,NaN,NaN,NaN,NaN,NaN,NaN,NaN,0.028425,0.0198019802,NaN,NaN,NaN,0.0191049431,NaN,NaN,NaN,NaN
1916,9.80,0.560,1.530,NaN,NaN,NaN,NaN,NaN,NaN,NaN,0.025152,0.1262135922,NaN,NaN,NaN,0.0178324743,NaN,NaN,NaN,NaN
1917,6.80,0.690,1.280,NaN,NaN,NaN,NaN,NaN,NaN,NaN,0.036474,0.1810344828,NaN,NaN,NaN,0.0355615676,NaN,NaN,NaN,NaN
1918,7.90,0.570,0.990,NaN,NaN,NaN,NaN,NaN,NaN,NaN,0.048008,0.2043795620,NaN,NaN,NaN,0.0153612580,NaN,NaN,NaN,NaN
1919,8.92,0.530,0.930,NaN,NaN,0.0573,0.0777,0.0490,NaN,NaN,0.045351,0.1454545455,NaN,NaN,NaN,0.0245407923,NaN,NaN,NaN,NaN
1920,6.81,0.510,0.800,NaN,0.0588,0.0626,0.0856,0.0540,NaN,NaN,0.053759,0.0264550265,NaN,NaN,NaN,0.0334077996,NaN,NaN,NaN,NaN
1921,7.31,0.460,0.290,0.5965346535,0.0390,0.0550,0.0761,0.0447,NaN,NaN,0.053540,-0.1082474227,NaN,NaN,NaN,0.0190191204,NaN,NaN,NaN,NaN
1922,8.78,0.510,0.690,0.4726494856,0.0365,0.0508,0.0702,0.0432,NaN,NaN,0.035564,-0.0231213873,NaN,NaN,NaN,0.0147131012,NaN,NaN,NaN,NaN
1923,8.55,0.530,0.980,0.5402010050,0.0388,0.0509,0.0738,0.0435,NaN,NaN,0.039625,0.0236686391,NaN,NaN,NaN,0.0156969065,NaN,NaN,NaN,NaN
1924,10.16,0.550,0.930,0.4588830802,0.0257,0.0495,0.0646,0.0396,NaN,NaN,0.030409,0.0000000000,NaN,NaN,NaN,0.0107215617,NaN,NaN,NaN,NaN
1925,12.46,0.600,1.250,0.3893782714,0.0351,0.0485,0.0615,0.0380,NaN,NaN,0.028754,0.0346820809,NaN,NaN,NaN,0.0135285056,NaN,NaN,NaN,NaN
1926,13.49,0.690,1.240,0.4414758270,0.0307,0.0468,0.0568,0.0354,NaN,0.05087617732,0.032898,-0.0111731844,NaN,0.0776952395,0.0737444051,0.0164862252,NaN,NaN,0.1220046023,0.0660310232
1927,17.66,0.770,1.110,0.3746885899,0.0317,0.0446,0.0532,0.0316,NaN,0.07647110927,0.030390,-0.0225988701,0.2655123544,0.0894486276,0.0744363694,0.0094190648,NaN,NaN,0.3587916451,0.2945602471
1928,24.35,0.850,1.380,0.2596666667,0.0426,0.0461,0.0560,0.0340,NaN,0.06306873833,0.037847,-0.0115606936,0.4974292871,0.0008272461,0.0284115621,0.0197993253,NaN,NaN,0.3884404084,0.3331306786
1929,21.45,0.970,1.610,0.3384578236,0.0303,0.0467,0.0595,0.0340,NaN,0.16352217212,0.046385,0.0058479532,0.7205929402,0.0340994674,0.0327300407,0.1246140116,NaN,NaN,-0.0883469776,-0.1213454145
1930,15.34,0.980,0.970,0.5547454126,0.0148,0.0452,0.0671,0.0330,NaN,0.11388589112,0.024314,-0.0639534884,0.3078474884,0.0464291951,0.0797505246,0.0666489193,NaN,NaN,-0.2630285180,-0.2958605550
1931,8.12,0.820,0.610,1.1707317073,0.0241,0.0532,0.1042,0.0407,NaN,-0.01292100133,0.009682,-0.0931677019,0.1446646984,-0.0531573493,-0.0185098199,0.1594027400,NaN,NaN,-0.4552532134,-0.4892035336
1932,6.89,0.500,0.410,1.4420843014,0.0004,0.0459,0.0842,0.0315,NaN,-0.00503247990,0.012620,-0.1027397260,0.0372670807,0.1684521131,0.1082022408,0.3074516565,NaN,NaN,-0.0889073790,-0.1483693950
1933,10.10,0.440,0.440,0.8290260464,0.0029,0.0450,0.0775,0.0336,NaN,0.00619582811,0.003726,0.0076335878,0.4010554090,-0.0006930265,0.1037605627,0.2218169558,NaN,NaN,0.5325117225,0.4722731138
1934,9.50,0.450,0.490,0.7737408689,0.0023,0.0381,0.0623,0.0293,NaN,0.02081271567,0.002227,0.0151515152,0.0712830957,0.1001499787,0.1384344607,0.0665917604,NaN,NaN,-0.0248418791,-0.0618862196
1935,13.43,0.470,0.760,0.5599111913,0.0015,0.0344,0.0530,0.0276,NaN,0.00868883457,0.001826,0.0298507463,0.0661959400,0.0499608756,0.0961485607,0.0355068356,NaN,NaN,0.4563306798,0.3996906898
1936,17.18,0.720,1.020,0.4585881045,0.0012,0.0310,0.0453,0.0255,NaN,0.02522472157,0.001776,0.0144927536,0.1205766710,0.0749580625,0.0674428368,0.0312564367,NaN,NaN,0.3341783544,0.2794533120
1937,10.55,0.800,1.130,0.7074886223,0.0011,0.0321,0.0573,0.0273,NaN,0.03177539995,0.002928,0.0285714286,0.3123715577,0.0023264739,0.0274673148,0.0996325926,0.0028331217,NaN,-0.3599352846,-0.3942250088
1938,13.21,0.510,0.640,0.5720393884,0.0003,0.0308,0.0527,0.0252,NaN,0.00572171265,0.000800,-0.0277777778,0.0449227890,0.0551181729,0.0613265536,0.1121428296,0.0041669638,NaN,0.2930840296,0.2425372733
1939,12.49,0.620,0.900,0.5807053804,0.0004,0.0294,0.0492,0.0226,NaN,0.00255078405,0.000575,0.0000000000,0.0854898336,0.0594971434,0.0396627601,0.0664203137,0.0060740339,NaN,-0.0110424319,-0.0566951433
1940,10.58,0.670,1.050,0.7290475101,0.0002,0.0271,0.0445,0.0194,NaN,0.01258918852,0.000525,0.0071428571,0.1187115454,0.0609224311,0.0339408516,0.0480499948,0.0042619728,NaN,-0.0977918054,-0.1516996577
1941,8.69,0.710,1.160,0.8895097332,0.0033,0.0280,0.0438,0.0204,NaN,0.01034282631,0.000875,0.0992907801,0.1142093201,0.0093182080,0.0273141837,0.0224724277,0.0034469828,NaN,-0.1139721659,-0.1767679216
1942,9.77,0.590,1.030,0.8626465662,0.0038,0.0281,0.0428,0.0246,NaN,0.00181200429,0.003329,0.0903225806,0.1238003839,0.0321784290,0.0259811379,0.0180509786,0.0051009425,NaN,0.2096087744,0.1299908774
1943,11.67,0.610,0.940,0.7874015748,0.0038,0.0274,0.0382,0.0248,NaN,0.01442253924,0.003805,0.0295857988,0.1643059490,0.0208788999,0.0283259345,0.0160865304,0.0019623979,NaN,0.2666588069,0.2033127014
1944,13.28,0.640,0.930,0.7437635753,0.0038,0.0270,0.0349,0.0246,NaN,0.01906244653,0.003805,0.0229885057,0.1645244216,0.0281508917,0.0473218913,0.0083995027,0.0035223172,NaN,0.2116335073,0.1513531381
1945,17.36,0.660,0.960,0.6132393344,0.0038,0.0261,0.0310,0.0199,-0.0507977771,0.02552527829,0.003805,0.0224719101,0.2117400419,0.1073090389,0.0407567428,0.0159692444,0.0043280057,NaN,0.3666452342,0.3097471748
1946,15.30,0.710,1.060,0.6924379233,0.0038,0.0261,0.0317,0.0212,0.0541844025,0.03607606045,0.003805,0.1813186813,0.3184821017,-0.0008419237,0.0172295564,0.0463710920,0.0017810408,NaN,-0.0927965300,-0.1284281767
1947,15.30,0.840,1.610,0.7253256790,0.0095,0.0286,0.0352,0.0243,0.0715812891,0.02592159527,0.004858,0.0883720930,0.2396298660,-0.0262746615,-0.0233638347,0.0193385201,0.0047609245,0.0345053031,0.0490908888,-0.0064997859
1948,15.20,0.930,2.290,0.8409475465,0.0116,0.0279,0.0353,0.0237,0.0504049417,0.01501455412,0.010138,0.0299145299,0.1571404485,0.0338501479,0.0413587871,0.0220998101,0.0016330103,0.0348009725,0.0525817218,-0.0084050787
1949,16.76,1.140,2.320,0.7964292839,0.0110,0.0258,0.0331,0.0209,0.0461316655,0.02717558470,0.011474,-0.0207468880,0.1918691125,0.0643905297,0.0330876243,0.0123059155,0.0042520180,0.0292786243,0.1805744891,0.0977053134
1950,20.41,1.470,2.840,0.7225384419,0.0134,0.0267,0.0320,0.0224,0.0011733130,0.03135825591,0.011726,0.0593220339,0.2270227808,0.0005048300,0.0211518121,0.0214613086,0.0056625153,0.0343734798,0.3294582089,0.2302988288
1951,23.77,1.410,2.440,0.7213163466,0.0173,0.0301,0.0361,0.0269,0.0021762214,0.03615078780,0.014629,0.0600000000,0.2648236662,-0.0394216053,-0.0269030904,0.0121822396,0.0041468933,0.0325816698,0.2342505169,0.1601975517
1952,26.57,1.410,2.400,0.6940733128,0.0209,0.0297,0.0351,0.0279,-0.0002914563,0.02653471636,0.016931,0.0075471698,0.2024971147,0.0116931021,0.0352092236,0.0065900114,0.0034459187,0.0326150384,0.1894224780,0.1227970598
1953,24.81,1.450,2.510,0.7597009612,0.0160,0.0313,0.0374,0.0274,-0.0155143671,0.02482227229,0.020150,0.0074906367,0.2039784221,0.0362581936,0.0341144247,0.0082794787,0.0027933096,0.0339560678,-0.0170751418,-0.0730170048
1954,35.98,1.540,2.770,0.6041197854,0.0115,0.0290,0.0345,0.0272,0.0054705967,0.02699281247,0.010742,-0.0074349442,0.2131974362,0.0717764678,0.0538584853,0.0083898136,0.0028454745,0.0325137964,0.5264830511,0.4499367806
1955,45.48,1.640,3.620,0.5098280098,0.0254,0.0315,0.0362,0.0295,-0.0096712118,0.02524454986,0.014855,0.0037453184,0.2753906250,-0.0128344889,0.0047973698,0.0216202088,0.0002437992,0.0365535705,0.3129824890,0.2579078378
1956,46.67,1.740,3.410,0.5441768274,0.0321,0.0375,0.0437,0.0345,-0.0171154259,0.02614936727,0.025540,0.0298507463,0.2684888930,-0.0559421649,-0.0681462678,0.0138899243,0.0009698413,0.0355291722,0.0642743317,0.0218089197
1957,39.99,1.790,3.370,0.6536757786,0.0304,0.0381,0.0503,0.0323,-0.0116604420,0.03487314700,0.033180,0.0289855072,0.2270010092,0.0746646691,0.0871354576,0.0175468510,0.0006679271,0.0341064322,-0.1081478147,-0.1470136996
1958,55.21,1.750,2.890,0.5117793198,0.0277,0.0408,0.0485,0.0382,0.0063793446,0.02368683161,0.019151,0.0176056338,0.1648351648,-0.0610620354,-0.0221699116,0.0084892240,0.0015858124,0.0307768104,0.4374168546,0.3827525215
1959,59.89,1.830,3.390,0.4577837965,0.0449,0.0458,0.0528,0.0447,0.0061217842,0.02285630410,0.032434,0.0173010381,0.2624397250,-0.0226635570,-0.0096678958,0.0084492905,0.0009753718,0.0325322631,0.1240082854,0.0880547004
1960,58.11,1.950,3.270,0.5504229651,0.0225,0.0435,0.0510,0.0380,0.0112052592,0.02276136079,0.032224,0.0136054422,0.2041559976,0.1379339434,0.0906649155,0.0101605859,-0.0013625136,0.0324181553,0.0059007576,-0.0284610760
1961,71.55,2.020,3.190,0.5059222584,0.0260,0.0442,0.0510,0.0415,0.0108412661,0.02232428788,0.023326,0.0067114094,0.2844120328,0.0096784267,0.0481831888,0.0064878726,-0.0022107435,0.0330353316,0.2710701961,0.2335554726
1962,63.10,2.130,3.670,0.5916270511,0.0287,0.0424,0.0492,0.0395,0.0075342275,0.01996807042,0.027351,0.0133333333,0.1621672116,0.0688294893,0.0794503633,0.0285449801,-0.0027965748,0.0337218494,-0.0874816194,-0.1183940659
1963,75.02,2.280,4.020,0.5255914542,0.0352,0.0435,0.0485,0.0417,0.0077812178,0.00895473026,0.030671,0.0164473684,0.1114743380,0.0121436448,0.0219487476,0.0074126330,-0.0014968686,0.0355441708,0.2268632559,0.1877667237
1964,84.75,2.500,4.550,0.4872273003,0.0384,0.0444,0.0481,0.0423,-0.0033308484,0.02309536943,0.035642,0.0097087379,0.2214659311,0.0351170290,0.0477231318,0.0027945885,-0.0023805734,0.0374419322,0.1667927690,0.1318516683
1965,92.43,2.720,5.190,0.4306378062,0.0438,0.0468,0.0502,0.0450,-0.0083115506,0.02083751873,0.039291,0.0192307692,0.1420710355,0.0070193698,-0.0045679390,0.0045891927,-0.0008128875,0.0420390432,0.1261044666,0.0922247915
1966,80.33,2.870,5.550,0.5769451056,0.0496,0.0539,0.0618,0.0455,-0.0107526576,0.01720762950,0.047937,0.0345911950,0.1390471975,0.0364500828,0.0019529199,0.0139352897,-0.0000498789,0.0420459562,-0.1019558205,-0.1320755529
1967,96.47,2.920,5.330,0.5257924451,0.0497,0.0619,0.0693,0.0556,-0.0255395864,0.01436111003,0.043643,0.0303951368,0.1146866683,-0.0917652652,-0.0495058682,0.0069893899,0.0029522247,0.0395173079,0.2396152265,0.2010478172
1968,103.86,3.070,5.760,0.5049006623,0.0596,0.0645,0.0723,0.0598,-0.0296658919,0.03196144670,0.053152,0.0471976401,0.2086406264,-0.0025737775,0.0257391321,0.0073994539,0.0023475611,0.0395161122,0.1082662744,0.0743316131
1969,92.06,3.160,5.780,0.6510820131,0.0782,0.0772,0.0865,0.0687,-0.0240752067,0.03427378330,0.065314,0.0619718310,0.3139513144,-0.0507360149,-0.0809043139,0.0100154301,0.0008222518,0.0392965654,-0.0831867418,-0.1130552437
1970,92.15,3.140,5.130,0.6464263577,0.0487,0.0764,0.0912,0.0648,-0.0312612282,0.03146170745,0.069880,0.0557029178,0.2228841413,0.1210218070,0.1837137902,0.0230433852,0.0015125012,0.0356453237,0.0398707262,0.0016368890
1971,102.09,3.070,5.700,0.6439002471,0.0401,0.0725,0.0838,0.0597,-0.0453453000,0.03402335865,0.044959,0.0326633166,0.2874473276,0.1323672163,0.1101258599,0.0104616715,0.0022538795,0.0357976095,0.1445096560,0.1091194810
1972,118.05,3.150,6.420,0.5956745946,0.0507,0.0708,0.0793,0.0599,-0.0422315963,0.03420348373,0.041401,0.0340632603,0.3112948972,0.0568244212,0.0725975175,0.0063616018,0.0003114465,0.0381357877,0.1911709947,0.1576285747
1973,97.55,3.380,8.160,0.7555884634,0.0745,0.0768,0.0848,0.0726,-0.0478332830,0.01300739512,0.068263,0.0870588235,0.3330837651,-0.0111038792,0.0113949647,0.0250687130,-0.0006401994,0.0398188183,-0.1479659850,-0.1748789560
1974,68.56,3.600,8.890,1.1200181747,0.0715,0.0889,0.1063,0.0760,-0.0325990537,0.00877157396,0.080761,0.1233766234,0.1630644740,0.0434264930,-0.0306175125,0.0480428357,-0.0008304879,0.0362270024,-0.2642616772,-0.2966192276
1975,90.19,3.680,7.960,0.8763388510,0.0544,0.0879,0.1056,0.0805,-0.0322037573,0.02371196556,0.062403,0.0693641618,0.2025998732,0.0918688772,0.1464425633,0.0242633905,-0.0004651156,0.0329138390,0.3696248057,0.3136593997
1976,107.46,4.050,9.910,0.7799731250,0.0435,0.0798,0.0912,0.0721,-0.0226736345,0.02856655430,0.053360,0.0486486486,0.2079280292,0.1676451102,0.1864686938,0.0124671299,-0.0011227041,0.0343102747,0.2391598367,0.1911752505
1977,95.10,4.670,10.890,0.9603330245,0.0607,0.0819,0.0899,0.0803,-0.0165628179,0.03047539917,0.050371,0.0670103093,0.2189359012,-0.0069885475,0.0170977832,0.0082597531,-0.0018338899,0.0368514349,-0.0742660551,-0.1169251284
1978,96.11,5.070,12.330,1.0457012956,0.0908,0.0916,0.0994,0.0898,-0.0146414122,0.01485055220,0.069064,0.0901771337,0.2194491525,-0.0116586903,-0.0007035631,0.0158011389,-0.0015481539,0.0405745377,0.0641148819,0.0094480290
1979,107.94,5.650,14.860,1.0619500680,0.1204,0.1074,0.1206,0.1012,-0.0076027018,0.01051446470,0.098113,0.1329394387,0.2200567387,-0.0125031159,-0.0420041055,0.0118230234,-0.0003711309,0.0402395372,0.1858775503,0.1228349941
1980,135.76,6.160,14.820,0.8915030239,0.1549,0.1321,0.1514,0.1199,-0.0040911552,0.02681637541,0.116081,0.1251629726,0.2780242893,-0.0395298640,-0.0275652601,0.0273419077,0.0010201575,0.0377346843,0.3259018391,0.2598405964
1981,122.55,6.630,15.360,1.0611428571,0.1085,0.1423,0.1655,0.1334,0.0026654549,0.01190964641,0.153848,0.0892236385,0.3621751368,0.0185697056,-0.0123619324,0.0181306748,-0.0012794664,0.0390341703,-0.0486389437,-0.0965327926
1982,140.64,6.870,12.640,0.9322147266,0.0794,0.1183,0.1414,0.1095,0.0060105960,0.00299005349,0.114356,0.0382978723,0.3647539027,0.4035036914,0.4256189930,0.0334409255,-0.0013463488,0.0337157110,0.2214058493,0.1539185964
1983,164.93,7.090,14.030,0.7003591178,0.0900,0.1257,0.1375,0.1197,0.0215924924,0.02705689697,0.087959,0.0379098361,0.4300077533,0.0065190631,0.0625857638,0.0178707691,-0.0016937271,0.0359738743,0.2228105240,0.1701272287
1984,167.24,7.530,16.640,0.7330983765,0.0806,0.1213,0.1340,0.1170,0.0123925983,-0.02719678659,0.100475,0.0394866732,0.1707374124,0.1549249798,0.1686015770,0.0162509715,-0.0011276635,0.0390219005,0.0668990781,0.0183949595
1985,211.28,7.900,14.610,0.5926926882,0.0710,0.1016,0.1158,0.0956,0.0245002949,-0.01946508154,0.078797,0.0379867047,0.1764553905,0.3097114501,0.3009088979,0.0105177395,-0.0017213560,0.0381501608,0.3197942599,0.2661981306
1986,242.17,8.280,14.480,0.4984308658,0.0553,0.0849,0.0997,0.0789,0.0148817423,-0.01137599929,0.064184,0.0109789570,0.1647341554,0.2452123788,0.1984747725,0.0216761629,-0.0022403247,0.0352562763,0.1806540515,0.1386985249
1987,247.08,8.810,17.500,0.5088120155,0.0577,0.1011,0.1129,0.0920,0.0257531063,0.01327475603,0.059246,0.0443438914,0.1504068250,-0.0271656845,-0.0026759109,0.1033270304,-0.0027006902,0.0346797574,0.0515578982,0.0164201051
1988,277.72,9.750,23.750,0.4652835740,0.0807,0.0957,0.1065,0.0918,0.0264624118,-0.02140574745,0.064420,0.0441941075,0.1146444012,0.0966658520,0.1070412094,0.0292620227,-0.0022913172,0.0350657640,0.1696176223,0.1205681128
1989,353.40,11.055,22.870,0.3904547436,0.0763,0.0886,0.0982,0.0816,0.0352678780,-0.01233353652,0.084528,0.0464730290,0.0977872384,0.1809749975,0.1623136341,0.0172388840,-0.0029288342,0.0351660102,0.3137065182,0.2675140170
1990,330.22,12.086,21.340,0.4844968599,0.0674,0.0905,0.1043,0.0844,0.0374867110,-0.00184590751,0.078775,0.0610626487,0.0783453264,0.0616924995,0.0678273490,0.0254501897,-0.0023382328,0.0335112209,-0.0319220979,-0.0661856817
1991,417.09,12.203,15.970,0.4203444173,0.0407,0.0831,0.0926,0.0730,0.0315116671,0.03181238443,0.059896,0.0306427504,0.1527669525,0.1926493998,0.1988896677,0.0206796799,-0.0012532164,0.0314246619,0.3067168478,0.2659830413
1992,435.71,12.385,19.090,0.3941096142,0.0322,0.0798,0.0881,0.0726,0.0204442513,0.03882868781,0.037205,0.0290065265,0.1501948818,0.0805357964,0.0939343374,0.0094224632,-0.0011115236,0.0327864780,0.0772104674,0.0459159165
1993,466.45,12.577,21.890,0.3052672229,0.0306,0.0693,0.0769,0.0654,0.0330237451,0.04572686991,0.030825,0.0274841438,0.1441150718,0.1823458183,0.1318500400,0.0074178836,-0.0010124970,0.0341523747,0.0989144265,0.0685846068
1994,459.27,13.170,30.600,0.2915683000,0.0560,0.0846,0.0910,0.0799,0.0431054900,0.01659429260,0.038849,0.0267489712,0.1203902847,-0.0777707763,-0.0576106963,0.0096522841,-0.0005760069,0.0356859659,0.0136065844,-0.0148770250
1995,615.93,13.788,33.960,0.2550263829,0.0514,0.0682,0.0749,0.0603,0.0429332491,0.01552651733,0.056353,0.0253841015,0.1212407197,0.3165649287,0.2720423547,0.0064271508,-0.0001466042,0.0366419562,0.3768442637,0.3427537584
1996,740.74,14.899,38.730,0.2073427297,0.0491,0.0720,0.0789,0.0673,0.0468920602,0.02412568672,0.051672,0.0332247557,0.1986658641,-0.0091845538,0.0140156703,0.0140776119,-0.0003967552,0.0388240059,0.2321794224,0.2053702454
1997,970.43,15.497,39.720,0.1788008842,0.0516,0.0676,0.0732,0.0602,0.0434550941,0.01555947129,0.050764,0.0170239596,0.1427001167,0.1586593709,0.1294942161,0.0332000720,-0.0008887790,0.0402194179,0.3360781261,0.3126753273
1998,"1,229.23",16.195,37.710,0.1736113154,0.0439,0.0622,0.0723,0.0542,0.0317511648,0.02005702943,0.050374,0.0161190329,0.1206586034,0.1307040369,0.1075556400,0.0412581205,-0.0010338728,0.0421038768,0.2930100822,0.2739196453
1999,"1,469.25",16.692,48.170,0.1471672594,0.0520,0.0755,0.0819,0.0682,0.0313429267,0.01788875647,0.045972,0.0268456376,0.1384560500,-0.0898988411,-0.0745425946,0.0326778587,0.0000642780,0.0425742621,0.2135264330,0.1979481708
2000,"1,320.28",16.271,50.000,0.1518515036,0.0577,0.0721,0.0802,0.0558,0.0322253915,-0.00226174722,0.057655,0.0338680927,0.1409895614,0.2149343724,0.1285453653,0.0492165622,-0.0005248530,0.0429397520,-0.0850949048,-0.0954809376
2001,"1,148.08",15.740,24.690,0.1312178459,0.0169,0.0677,0.0805,0.0575,0.0266013472,0.01346482468,0.041411,0.0155172414,0.0865431157,0.0370275224,0.1063665718,0.0456056965,-0.0013361672,0.0375307984,-0.1191014456,-0.1306928430
2002,879.82,16.074,27.590,0.2953858956,0.0119,0.0621,0.0745,0.0484,0.0117484034,0.02573598142,0.017134,0.0237691002,0.0820276580,0.1784139276,0.1664151752,0.0676923214,-0.0041443054,0.0340899458,-0.2177764990,-0.2305614561
2003,"1,111.92",17.385,48.740,0.2187398648,0.0090,0.0562,0.0660,0.0515,0.0084398378,0.00694631571,0.010491,0.0187949143,0.0724230891,0.0089593956,0.0527255506,0.0292607783,NaN,0.0350679266,0.2869214954,0.2638960443
2004,"1,211.92",19.442,58.550,0.2706192427,0.0219,0.0547,0.0615,0.0484,0.0053558055,0.01300150465,0.011952,0.0325556158,0.0782974619,0.0849731844,0.0872115434,0.0122914909,NaN,0.0359040730,0.1096903698,0.0873818277
2005,"1,248.29",22.216,69.830,0.3134779566,0.0389,0.0537,0.0632,0.0461,0.0200689226,0.00305888565,0.028599,0.0341565949,0.0510712081,0.0780755925,0.0587227306,0.0105405870,NaN,0.0364217371,0.0520746246,0.0328733864
2006,"1,418.30",24.884,81.510,0.2816823997,0.0485,0.0532,0.0622,0.0491,0.0208887730,-0.01503677909,0.045763,0.0254065041,0.0491233387,0.0117595391,0.0323553591,0.0100616231,NaN,0.0375131111,0.1568015249,0.1350875055
2007,"1,468.36",27.732,66.181,0.2505829731,0.0300,0.0549,0.0665,0.0450,0.0187677511,-0.04063729412,0.046513,0.0408126858,0.0777264970,0.0989279628,0.0258900171,0.0253597670,NaN,0.0382528081,0.0571846444,0.0372618176
2008,903.25,28.387,14.880,0.3549842247,0.0003,0.0505,0.0843,0.0303,0.0204690284,-0.02449846355,0.018242,0.0009141290,0.2174037369,0.2586177059,0.0878964639,0.1684885729,NaN,0.0338411737,-0.3645955341,-0.3796075360
2009,"1,115.10",22.405,50.970,0.2163645169,0.0005,0.0526,0.0637,0.0458,-0.0041116123,0.01059446795,0.001351,0.0272133113,0.1971352378,-0.1489827269,0.0300122642,0.0743955185,NaN,0.0296364243,0.2648018134,0.2329098081
2010,"1,257.64",22.729,77.350,0.3581003169,0.0014,0.0502,0.0610,0.0414,-0.0078864287,0.01261184894,0.001175,0.0149572353,0.1297016669,0.1014366100,0.1243873938,0.0325325193,NaN,0.0316009526,0.1515208413,0.1269736392
2011,"1,257.60",26.425,86.950,0.3572325407,0.0001,0.0393,0.0525,0.0248,-0.0020240023,-0.00649733119,0.000725,0.0296241884,0.1281862432,0.2709624543,0.1793964059,0.0539548749,NaN,0.0337943513,0.0182308229,-0.0028457129
2012,"1,426.19",31.247,86.510,0.3490324432,0.0007,0.0365,0.0463,0.0241,-0.0094156244,-0.01154911760,0.000725,0.0174102237,0.1164981008,0.0343861794,0.1067484693,0.0161764598,NaN,0.0344004422,0.1609611493,0.1340921981
2013,"1,848.36",34.992,100.200,0.3044081256,0.0007,0.0462,0.0538,0.0367,0.0012189640,0.01214394227,0.000575,0.0150173562,0.1286622783,-0.1278608842,-0.0707949250,0.0124830373,NaN,0.0349254723,0.3252630721,0.2972484631
2014,"2,058.90",39.443,102.310,0.3237556717,0.0003,0.0379,0.0474,0.0240,-0.0071770441,0.00562503854,0.000450,0.0075649327,0.1093213101,0.2474171485,0.1727406685,0.0129295206,NaN,0.0358134129,0.1352589684,0.1121018492
2015,"2,043.94",43.388,86.530,0.3136488144,0.0023,0.0397,0.0546,0.0243,-0.0194403730,-0.02226183288,0.000250,0.0072951979,0.1032531699,-0.0064065860,-0.0100959664,0.0239104103,NaN,0.0343329294,0.0149517841,-0.0067118464
2016,"2,238.83",45.701,94.550,0.2934790969,0.0051,0.0406,0.0483,0.0272,-0.0195198157,-0.02510357356,0.002703,0.0207462213,0.0895416713,0.0176107464,0.0670080523,0.0171191411,NaN,0.0339504066,0.1179322751,0.0933050350
2017,"2,673.61",48.932,109.880,0.2353933431,0.0132,0.0351,0.0422,0.0254,-0.0235466477,-0.01987887466,0.008174,0.0210908247,0.0774603489,0.0623423356,0.1224353369,0.0045630633,NaN,0.0343006709,0.2198912017,0.1953104447
2018,"2,506.85",53.748,132.390,0.2680887675,0.0237,0.0402,0.0513,0.0284,-0.0272351454,-0.01922790932,0.017741,0.0191015885,0.0810688685,-0.0056235937,-0.0473620168,0.0288550336,NaN,0.0350101120,-0.0449191592,-0.0635350834
2019,"3,230.78",58.240,139.470,0.2299438976,0.0154,0.0301,0.0388,0.0186,-0.0385679255,-0.00719915547,0.022258,0.0228512974,0.0939276659,0.1216522189,0.1993938661,0.0157576409,NaN,0.0346739720,0.3149939291,0.2889905296
2020,"3,756.07",58.279,94.130,0.2191947588,0.0009,0.0226,0.0316,0.0093,-0.1694588224,-0.00009788252,0.005256,0.0136200549,0.1281437002,0.1666118394,0.1539489923,0.1187270212,NaN,0.0323528759,0.1930435803,0.1712703769
2021,"4,766.18",60.397,197.840,0.1797857907,0.0006,0.0265,0.0330,0.0146,-0.1460868844,0.01297002296,0.000500,0.0703640287,0.1634777584,-0.0542750134,-0.0265259132,0.0173309194,NaN,0.0334017899,0.2847567980,0.2668308218