,CI,IP,CRP,STS,CP,HS,LOAN,DL,NONS,NAPM,UR,MOM,BDC,EVUSD
1993-07-01,-0.2821718241268646,0.0024117336217173158,0.7599999999999998,2.7,174.0556,1254.0,-20.0,-0.4500000000000002,38915.0,245765.0,-0.09999999999999964,-0.00184904651724338,-0.09097080787508482,0.018801410105758087
1993-08-01,-0.2821718241268646,-0.0009317236581186661,0.75,2.59,175.8414,1300.0,-20.0,-0.4500000000000002,39309.0,246562.0,-0.10000000000000053,0.45300002737995015,0.07094846900672147,-0.014889378211177529
1993-09-01,0.9666649270845119,0.00511698821681561,0.6799999999999997,2.35,177.357,1343.0,-20.0,-0.4500000000000002,39307.0,245731.0,-0.09999999999999964,0.36155000909582213,-0.01324965132496514,-0.012027674294837754
1993-10-01,-0.8646196748731727,0.0074319148091965825,0.6399999999999997,2.24,171.4164,1392.0,-18.6,-0.08999999999999986,40550.0,251656.0,0.09999999999999964,0.3226542699904691,-0.06925795053003536,0.02434820081878919
1993-11-01,-1.0312,0.004756480325743162,0.7300000000000004,2.54,165.0651,1376.0,-18.6,-0.08999999999999986,40301.0,247827.0,-0.20000000000000018,-0.02982393900553504,-0.04859529233105542,0.011884728649558252
1993-12-01,0.2162800295363101,0.005647588090916145,0.7600000000000007,2.64,163.5542,1533.0,-18.6,-0.08999999999999986,43296.0,250057.0,-0.09999999999999964,0.2709606591757243,-0.03032721468475663,0.00654817586529477
1994-01-01,0.2162800295363101,0.0031872247158331035,0.7300000000000004,2.71,177.3524,1272.0,-15.5,-0.4900000000000002,39801.0,257125.0,0.09999999999999964,0.4497296593405977,-0.012345679012345734,-0.012907889301941311
1994-02-01,-0.038408316740218135,0.0007143241417650881,0.6799999999999997,2.64,171.232,1337.0,-15.5,-0.4900000000000002,41736.0,256624.0,0.0,-0.016367962485865917,-0.06916666666666671,-0.010879799142169744
1994-03-01,3.9548101832322033,0.009994892793462773,0.6500000000000004,2.89,170.3859,1564.0,-15.5,-0.4900000000000002,41245.0,257190.0,-0.09999999999999964,-0.3999672678024311,0.07967770814682185,-0.01575885774722363
1994-04-01,3.9548101832322033,0.005912750338219919,0.6399999999999997,3.19,174.5563,1465.0,-10.3,-0.16999999999999993,42992.0,260006.0,-0.09999999999999964,-0.9491573394845254,0.1724709784411278,-0.010101010101010055
1994-05-01,3.9548101832322033,0.004699162470198415,0.629999999999999,2.91,176.7601,1526.0,-10.3,-0.16999999999999993,42849.0,263419.0,-0.3000000000000007,0.27583692067846854,0.03111739745403108,0.004342162396873572
1994-06-01,-0.24470270385878376,0.006541034715323857,0.6800000000000006,2.85,180.0834,1409.0,-10.3,-0.16999999999999993,44555.0,267027.0,0.0,0.32352910310158833,-0.08504801097393688,-0.031344574146130455
1994-07-01,0.4531568730959569,0.00125144985043657,0.6900000000000013,2.84,182.5207,1439.0,-22.4,-0.1200000000000001,44016.0,267694.0,0.0,-0.16998890963467517,0.07946026986506749,0.002789555902700247
1994-08-01,-0.38151789593196717,0.006603635265647778,0.6699999999999999,2.63,170.2628,1450.0,-22.4,-0.1200000000000001,44406.0,269994.0,-0.09999999999999964,0.8408147811889641,-0.002777777777777768,-0.002225436741960629
1994-09-01,0.9478622126343279,0.003117915467283572,0.6400000000000006,2.71,171.4158,1474.0,-22.4,-0.1200000000000001,44507.0,270377.0,-0.09999999999999964,0.20710790724981365,0.1532033426183843,-0.019962083193933333
1994-10-01,0.9478622126343279,0.008073907305333305,0.629999999999999,2.64,179.036,1450.0,-10.2,0.1200000000000001,45959.0,275087.0,-0.10000000000000053,-0.10490335736955814,0.12922705314009653,-0.02492034592626302
1994-11-01,-1.0555,0.006777050442818622,0.6400000000000006,2.51,175.1664,1511.0,-10.2,0.1200000000000001,45942.0,276477.0,-0.20000000000000018,-0.09580884660993405,0.03315508021390379,0.040144707667172375
1994-12-01,-0.06299201497205581,0.009734510767173576,0.6399999999999988,2.05,180.7578,1455.0,-10.2,0.1200000000000001,46186.0,282738.0,-0.09999999999999964,-0.26560683477492475,0.017080745341614856,-0.004600022439133822
1995-01-01,-0.06299201497205581,0.0020889039777556295,0.6199999999999992,1.88,176.0039,1407.0,-6.8,-0.18999999999999995,47317.0,279692.0,0.09999999999999964,0.6537624540783114,0.004071246819338459,-0.00822813345356177
1995-02-01,-0.2275801190925597,-0.0013439674759870845,0.5899999999999999,1.53,177.1083,1316.0,-6.8,-0.18999999999999995,46200.0,284915.0,-0.1999999999999993,1.1104090888996154,0.0329447541814496,-0.023411751335378872
1995-03-01,-0.45907498453532275,0.0015532499793227128,0.5800000000000001,1.29,179.0597,1249.0,-6.8,-0.18999999999999995,46095.0,282195.0,0.0,0.7294040566450946,0.0839057899901865,-0.04689863842662634
1995-04-01,-0.45907498453532275,-0.001626423645568309,0.5700000000000003,1.22,183.6347,1267.0,-8.6,0.03000000000000025,46776.0,283370.0,0.39999999999999947,0.9658178944882323,0.06247170665459478,-0.0012210012210013277
1995-05-01,-0.0569710898451335,0.004641877275550099,0.5499999999999989,0.78,180.8068,1314.0,-8.6,0.03000000000000025,48401.0,282955.0,-0.20000000000000018,1.0347129967794437,-0.10694503621644658,0.009413202933985287
1995-06-01,0.0,0.003303097962601198,0.6000000000000005,0.53,174.4889,1281.0,-8.6,0.03000000000000025,47970.0,281900.0,0.0,1.0091831900856718,-0.05582061068702293,-0.011989826813612603
1995-07-01,0.0,-0.0042324612951637475,0.629999999999999,0.69,177.3371,1461.0,-5.2,0.009999999999999787,45962.0,281269.0,0.10000000000000053,1.1679495724764735,0.023244062657908016,-0.0001225790634959978
1995-08-01,-0.30486206690600476,0.013150837239707114,0.6199999999999992,0.92,180.5308,1416.0,-5.2,0.009999999999999787,47502.0,285979.0,0.0,0.17262714220129993,0.038024691358024665,0.049037636385926175
1995-09-01,-1.2525493828860408,0.004009159854909239,0.6099999999999994,0.77,181.0815,1369.0,-5.2,0.009999999999999787,49431.0,293326.0,-0.10000000000000053,1.3127974717513382,-0.08658420551855373,-0.014958513497721038
1995-10-01,-1.2525493828860408,-0.001533820256039653,0.6299999999999999,0.6,183.1156,1369.0,6.9,0.040000000000000036,50283.0,287568.0,-0.09999999999999964,0.30852132277055233,-0.19427083333333328,-0.007474196227310603
1995-11-01,-0.05224895754281894,0.0024122233988421726,0.6600000000000001,0.41,187.9269,1452.0,6.9,0.040000000000000036,49798.0,287704.0,0.09999999999999964,0.8665669511406975,0.06270200387847447,0.019125029882859357
1995-12-01,-0.496582786000714,0.0034916392731900725,0.6699999999999999,0.42,203.4971,1431.0,6.9,0.040000000000000036,51221.0,297684.0,0.0,1.2650783902122882,-0.024330900243308973,-0.0058644147314097506
1996-01-01,-0.496582786000714,-0.005411324954301744,0.6600000000000001,0.5,196.8141,1467.0,-1.8,-0.1200000000000001,47931.0,285822.0,0.0,0.0033150066028895253,-0.06296758104738154,0.03091080698442661
1996-02-01,0.5462353780561355,0.014296102525048981,0.6399999999999997,0.85,197.696,1491.0,-1.8,-0.1200000000000001,49183.0,277940.0,-0.09999999999999964,2.2364472996104894,-0.09248170326014638,-0.012245365072098835
1996-03-01,-0.3041535644408804,-0.0015205909976133691,0.6799999999999997,1.17,206.664,1424.0,-1.8,-0.1200000000000001,49780.0,298862.0,0.0,-0.035971714201430416,0.061583577712609916,0.0024330900243307862
1996-04-01,-0.5517193852611083,0.010049555547411826,0.6899999999999995,1.42,209.3274,1516.0,-7.4,0.0,48102.0,290320.0,0.09999999999999964,-0.0008821033296086966,0.006906077348066253,0.01733703190013869
1996-05-01,1.9472855336677475,0.00747830083329637,0.6800000000000006,1.59,203.8712,1504.0,-7.4,0.0,50505.0,298700.0,0.0,1.0176488455239792,-0.08161865569272975,-0.0027266530334014716
1996-06-01,1.9472855336677475,0.007468141354482594,0.6900000000000004,1.68,206.5216,1467.0,-7.4,0.0,51556.0,299606.0,-0.2999999999999998,0.5303469397804932,-0.10903659447348768,0.0004556846662109315
1996-07-01,-0.05301082591618264,7.943684572353504e-06,0.6999999999999993,1.57,194.652,1472.0,-8.6,0.020000000000000018,51047.0,298909.0,0.20000000000000018,-1.4931541616266415,-0.10645431684828166,-0.021862901389205103
1996-08-01,-0.05286856626026873,0.005038903886151802,0.7199999999999998,1.45,198.515,1557.0,-8.6,0.020000000000000018,50780.0,293231.0,-0.40000000000000036,1.2445961345325856,0.031894934333958735,0.0053550640279393935
1996-09-01,-0.05286856626026873,0.006458717820027937,0.6899999999999995,1.59,205.2159,1475.0,-8.6,0.020000000000000018,49824.0,302015.0,0.10000000000000053,0.8817071741277474,-0.09090909090909094,0.01829550717924966
1996-10-01,-0.4521951357080156,-0.00013219341598247336,0.6800000000000006,1.41,204.9208,1392.0,-8.9,0.03000000000000025,52556.0,301595.0,0.0,1.7542814835258156,0.31099999999999994,-0.005799408687741536
1996-11-01,-0.5530499991720749,0.008824095369869722,0.6900000000000004,1.03,218.9817,1489.0,-8.9,0.03000000000000025,52664.0,309537.0,0.20000000000000018,2.2748204604439124,0.08543096872616318,0.00560448358686938
1996-12-01,-0.5530499991720749,0.0063204579899101,0.6899999999999995,1.26,215.2563,1370.0,-8.9,0.03000000000000025,50765.0,300179.0,0.0,0.5114266350155816,0.06535488404778644,0.0022747952684258888
1997-01-01,-0.5530499991720749,0.0018077656558050936,0.6699999999999999,1.41,204.9099,1355.0,-10.3,-0.20999999999999996,51958.0,300765.0,-0.10000000000000053,1.4974952136283264,-0.09828496042216361,0.055832955061280165
1997-02-01,-0.5530499991720749,0.011809072714284552,0.6300000000000008,1.28,188.8185,1486.0,-10.3,-0.20999999999999996,54285.0,310604.0,-0.09999999999999964,2.1086266622588994,0.05559619604974397,0.01988392089423896
1997-03-01,-0.5530499991720749,0.006234417137332748,0.6299999999999999,1.41,192.4289,1457.0,-10.3,-0.20999999999999996,54195.0,307465.0,0.0,-0.3310445283588592,0.048510048510048476,-0.0017915481083360385
1997-04-01,-1.5503757839999999,0.0008368930786921691,0.6099999999999994,1.59,196.7678,1492.0,-5.8,-0.03000000000000025,55044.0,313694.0,-0.10000000000000053,-1.746868445656517,-0.16787838730998017,0.025971283783783772
1997-05-01,-0.051647659297978876,0.0055590432028982395,0.6199999999999992,1.51,197.3687,1442.0,-5.8,-0.03000000000000025,53924.0,308733.0,-0.1999999999999993,4.550889027583132,0.011914217633042012,-0.023976126775056672
1997-06-01,-0.051647659297978876,0.0046703614191465626,0.6099999999999994,1.42,185.1689,1494.0,-5.8,-0.03000000000000025,55972.0,315090.0,0.09999999999999964,2.8263842264811245,0.03610675039246458,0.00864522930943612
1997-07-01,0.4467308378855327,0.008364570231132129,0.6100000000000003,1.03,192.2873,1437.0,-7.0,0.08000000000000007,58969.0,318485.0,-0.09999999999999964,3.2215671126460563,-0.030303030303030276,0.040556078185429056
1997-08-01,-0.052181389219057045,0.009988939753897252,0.6000000000000005,1.02,195.7684,1390.0,-7.0,0.08000000000000007,58232.0,319106.0,-0.10000000000000053,0.13779299186938232,0.0390625,-0.0055248618784530246
1997-09-01,-0.052181389219057045,0.009295953093003684,0.5499999999999998,1.13,201.7335,1546.0,-7.0,0.08000000000000007,60143.0,318687.0,0.10000000000000053,0.7045696803501684,-0.03984962406015036,-0.019090909090909047
1997-10-01,0.9502383892823777,0.008744465528146561,0.5700000000000003,0.92,208.1534,1520.0,1.8,0.020000000000000018,57582.0,319565.0,-0.20000000000000018,0.9651406171652539,0.03210649960845724,-0.015137472968798305
1997-11-01,0.9502383892823777,0.007970491095598886,0.5499999999999998,0.6,188.6889,1510.0,1.8,0.020000000000000018,57967.0,334896.0,-0.10000000000000053,-0.6842977667836863,-0.10849772382397571,0.02227101631116679
1997-12-01,-0.051749572579683434,0.004518380369390007,0.5600000000000005,0.51,175.623,1566.0,1.8,0.020000000000000018,58401.0,315121.0,0.10000000000000053,1.6493677750728892,0.047659574468085,0.019228802291091363
1998-01-01,-0.051749572579683434,0.004490910996360675,0.5800000000000001,0.36,174.2636,1525.0,-7.1,-0.18000000000000016,56811.0,315893.0,-0.10000000000000053,0.038372299887917904,-0.15597075548334682,0.01073758153537363
1998-02-01,-0.051749572579683434,0.0016574448081549953,0.5800000000000001,0.34,165.0984,1584.0,-7.1,-0.18000000000000016,59362.0,322715.0,0.0,4.021686202601387,0.039461020211742026,-0.008836378077839546
1998-03-01,-0.051749572579683434,0.00041071650500357215,0.6000000000000005,0.49,166.715,1567.0,-7.1,-0.18000000000000016,57672.0,317454.0,0.10000000000000053,3.5215784465296878,-0.10555555555555551,0.01672843834518689
1998-04-01,-0.0507461495906914,0.003623942868771435,0.6399999999999997,0.56,163.8963,1540.0,0.0,0.03000000000000025,55909.0,320388.0,-0.40000000000000036,2.3145809751568436,0.039337474120082705,-0.017635467980295583
1998-05-01,-0.3830618351363294,0.0062727299519613755,0.6099999999999994,0.51,158.2691,1536.0,0.0,0.03000000000000025,58575.0,320787.0,0.10000000000000053,-0.1571481068929046,-0.05776892430278879,0.007722394945341549
1998-06-01,-0.05082699103850321,-0.006009868837248633,0.5999999999999996,0.38,155.1993,1641.0,0.0,0.03000000000000025,59020.0,311219.0,0.09999999999999964,0.12864064303312261,-0.09513742071881603,0.006867038216560539
1998-07-01,-0.049123991836083236,-0.004013124862987882,0.6000000000000005,0.37,143.6022,1698.0,36.4,0.08999999999999986,56670.0,308769.0,0.0,3.1422257856889217,-0.03621495327102808,-0.00029653059207279675
1998-08-01,-0.049123991836083236,0.02059377962064257,0.6200000000000001,0.3,136.9596,1614.0,36.4,0.08999999999999986,57658.0,318026.0,0.0,-5.2463377254865975,-0.009696969696969648,-0.009294047854459198
1998-09-01,0.9562550131238386,-0.0008777177945977765,0.6899999999999995,0.07,153.7656,1582.0,36.4,0.08999999999999986,60257.0,319546.0,0.09999999999999964,-3.3495652335030712,0.1578947368421053,-0.04021956087824352
1998-10-01,0.0,0.00692114605080385,0.8099999999999996,0.46,148.4851,1715.0,7.4,-0.009999999999999787,56319.0,315959.0,-0.09999999999999964,0.9142918111958096,0.009513742071881603,-0.025891650202765848
1998-11-01,0.0,-0.0008551628439812387,0.9299999999999997,0.3,133.4806,1660.0,7.4,-0.009999999999999787,58162.0,319291.0,-0.09999999999999964,7.314094023271039,-0.014659685863874339,0.02690008539709643
1998-12-01,-0.5454172873475662,0.004272552884953651,1.0100000000000007,0.15,133.019,1792.0,7.4,-0.009999999999999787,60818.0,315467.0,0.0,3.028997074473992,-0.15621679064824656,-0.021101871101871117
1999-01-01,-0.5454172873475662,0.0041567457240880845,1.0499999999999998,0.27,135.2692,1748.0,10.0,-0.14000000000000012,57160.0,324278.0,-0.10000000000000053,3.9328574586713074,0.04156171284634769,0.020282467877243304
1999-02-01,1.4511604951739134,0.0057283254713744736,0.9899999999999993,0.44,130.8113,1670.0,10.0,-0.14000000000000012,58576.0,324617.0,0.10000000000000053,-0.21942901611328125,0.1656590084643288,0.027373022481265608
1999-03-01,1.3495272701072365,0.002093806155175848,0.9100000000000001,0.66,153.9354,1710.0,10.0,-0.14000000000000012,59657.0,322604.0,-0.20000000000000018,2.5385232048121935,-0.06431535269709543,0.01408165332793021
1999-04-01,0.0,0.0022755620524774756,0.8400000000000007,0.77,160.9771,1553.0,5.4,0.08999999999999986,58929.0,321414.0,0.09999999999999964,3.6639951149129075,0.20953436807095338,0.00899100899100902
1999-05-01,0.0,0.006093266267016562,0.79,0.91,152.2197,1611.0,5.4,0.08999999999999986,59814.0,325581.0,-0.09999999999999964,-0.1756243024553612,-0.09990834097158574,0.012673267326732685
1999-06-01,0.0,-0.0005728840151854042,0.7899999999999991,1.18,163.362,1559.0,5.4,0.08999999999999986,59045.0,323793.0,0.09999999999999964,-0.577938426624641,-0.012219959266802416,0.005572937035588588
1999-07-01,0.9469124426880191,0.005789557849406268,0.7599999999999998,1.1,169.1718,1669.0,9.1,-0.08000000000000007,62074.0,330548.0,0.0,3.87618163137725,0.03402061855670113,-0.030140982012639705
1999-08-01,0.9469124426880191,0.004467489774598876,0.75,1.07,181.6245,1648.0,9.1,-0.08000000000000007,61732.0,332510.0,-0.09999999999999964,-3.3542738249807655,0.03489531405782653,0.002005012531328454
1999-09-01,-0.6741867783695633,-0.004211305426653822,0.8099999999999996,1.1,191.063,1635.0,9.1,-0.08000000000000007,63231.0,333492.0,0.0,-0.5545647195923351,0.1974951830443159,-0.014107053526763336
1999-10-01,-0.7170611968368714,0.012977272701831799,0.830000000000001,1.09,181.3902,1608.0,10.9,0.0,61451.0,341407.0,-0.10000000000000053,-1.0983854021344968,0.08688656476267087,0.005277044854881119
1999-11-01,-1.0512,0.005222538025292822,0.79,0.8,189.6623,1648.0,10.9,0.0,61849.0,334281.0,0.0,6.04076203845797,0.0,0.02957803351504129
1999-12-01,0.9386758332603696,0.007864563293574545,0.6399999999999997,0.92,194.5372,1708.0,10.9,0.0,65451.0,344248.0,-0.09999999999999964,2.7015345354616898,-0.023686158401184265,-0.0011765859397979694
2000-01-01,0.9386758332603696,-0.0005922749028146601,0.5499999999999998,1.16,206.3651,1636.0,24.6,-0.029999999999999805,63975.0,350725.0,0.0,-0.21313951665705133,0.0,0.032001570629233145
2000-02-01,0.3357550048550087,0.0036725343542942657,0.6099999999999994,0.79,216.0089,1737.0,24.6,-0.029999999999999805,58497.0,331991.0,0.09999999999999964,-2.4406658172607507,0.16072782410917363,0.00751450584990021
2000-03-01,0.9421324502409341,0.0037971958165603503,0.6899999999999995,0.4,206.8815,1604.0,24.6,-0.029999999999999805,63642.0,344182.0,-0.09999999999999964,3.783096114448881,0.08425865447419989,-0.004531722054380682
2000-04-01,0.9421324502409341,0.006233222621593315,0.7600000000000007,0.17,203.2085,1626.0,33.9,0.10999999999999988,64414.0,347917.0,-0.20000000000000018,1.2664356013457336,-0.01927710843373498,0.0445751138088013
2000-05-01,3.4390521987896765,0.0029584269953233377,0.9100000000000001,0.45,223.2031,1575.0,33.9,0.10999999999999988,63753.0,340085.0,0.20000000000000018,-2.863502940492765,-0.03808353808353804,-0.012711094970038195
2000-06-01,-1.0607,0.0005882226658937562,0.8100000000000005,0.24,235.7137,1559.0,33.9,0.10999999999999988,68292.0,374700.0,0.0,3.1004666415127815,0.03192848020434225,-0.017472871068603957
2000-07-01,-1.0607,-0.0018966538220578366,0.6999999999999993,-0.09,213.3268,1463.0,43.9,0.20999999999999996,63581.0,343351.0,0.0,0.7653646295720904,0.016089108910890992,0.025926619243728855
2000-08-01,0.0,-0.002687016337059367,0.71,-0.45,244.3988,1541.0,43.9,0.20999999999999996,64759.0,340728.0,0.09999999999999964,0.9704981928286429,0.006090133982947554,0.02727853298056737
2000-09-01,-0.7290413820655862,0.003930380428925462,0.7299999999999995,-0.38,237.4833,1507.0,43.9,0.20999999999999996,66733.0,354557.0,-0.19999999999999973,-1.2199595575747395,0.052663438256658646,0.005772646536412074
2000-10-01,-0.7290413820655862,-0.003420117288768121,0.79,-0.55,236.7139,1549.0,59.6,0.040000000000000036,63580.0,339610.0,0.0,-5.030752494118431,0.011500862564692405,0.030022075055187614
2000-11-01,-2.059925625996324,3.662368410561889e-05,0.8299999999999992,-0.64,256.384,1551.0,59.6,0.040000000000000036,62569.0,343578.0,0.0,-0.9458827394427658,-0.049459920409323455,-0.012087441063009075
2000-12-01,-0.41633407935400985,-0.0032970879851786927,0.8099999999999996,-0.7,246.9237,1532.0,59.6,0.040000000000000036,62554.0,343858.0,0.0,-2.9785310109456304,-0.04366028708133973,-0.04928844151336331
2001-01-01,-0.41633407935400985,-0.005435875046199579,0.7799999999999994,-0.13,226.9736,1600.0,50.9,0.040000000000000036,60808.0,331600.0,0.30000000000000027,0.5616114843459314,-0.05941213258286426,0.008762322015334112
2001-02-01,-0.4780467401504168,-0.00676406926406925,0.7700000000000005,0.09,221.9866,1625.0,50.9,0.040000000000000036,60697.0,335205.0,0.0,-1.8765337568775493,0.021941489361702038,0.013481722765110504
2001-03-01,0.10003481379509971,-0.0025468258214005335,0.8599999999999994,0.35,212.7381,1590.0,50.9,0.040000000000000036,58146.0,333486.0,0.09999999999999964,-7.9355945495897515,-0.06441119063109957,0.04785287027943941
2001-04-01,0.10003481379509971,-0.0032728233914741667,0.8700000000000001,1.17,224.2305,1649.0,40.4,0.22999999999999998,54841.0,321890.0,0.10000000000000053,0.3360739968039894,0.014603616133518793,-0.013717304251512297
2001-05-01,-0.662588239621664,-0.005520667013656944,0.7800000000000002,1.69,217.6236,1605.0,40.4,0.22999999999999998,56599.0,329643.0,-0.10000000000000053,5.48332783092151,-0.04797806716929409,0.028593642017968213
2001-06-01,-1.0345,-0.005669709543568491,0.79,1.71,202.6644,1636.0,40.4,0.22999999999999998,55428.0,324044.0,0.20000000000000018,-2.041436496751132,-0.002159827213822907,0.0033593684387336342
2001-07-01,-1.0345,-0.00594017978558381,0.8399999999999999,1.65,201.72,1670.0,50.9,0.10999999999999988,53436.0,318401.0,0.09999999999999964,-2.225344340006501,-0.2431457431457431,-0.0191679919645098
2001-08-01,-1.7698348845520586,-0.0012168527955149777,0.8300000000000001,1.53,203.0028,1567.0,50.9,0.10999999999999988,54169.0,321838.0,0.3000000000000007,-1.6202399528298201,-0.11630123927550051,-0.032087386926096695
2001-09-01,-1.7698348845520586,-0.0052936501976572625,0.8599999999999994,2.04,181.7182,1562.0,50.9,0.10999999999999988,50735.0,311821.0,0.09999999999999964,-8.897100498365319,0.026968716289104577,-8.816787162757578e-05
2001-10-01,-0.5185117619901112,-0.0030682450719905496,0.8799999999999999,2.37,175.3805,1540.0,45.5,-0.06000000000000005,49736.0,318537.0,0.2999999999999998,2.1699478812839743,-0.09558823529411764,0.012785468653558008
2001-11-01,0.7287474275256446,-0.005791433786754507,0.8399999999999999,2.74,169.575,1602.0,45.5,-0.06000000000000005,51335.0,310008.0,0.20000000000000018,3.7677442341364156,0.008130081300812941,0.01105693888211734
2001-12-01,0.7287474275256446,-0.00034332578092399757,1.2800000000000011,3.37,169.1572,1568.0,45.5,-0.06000000000000005,51290.0,311731.0,0.20000000000000018,1.0832719348725846,0.009216589861751112,0.005338844398518949
2002-01-01,0.7287474275256446,0.006963264034280492,1.3200000000000003,3.36,166.0257,1698.0,25.0,-0.08999999999999986,47643.0,308617.0,0.0,-0.23928288051060065,0.0365296803652968,0.02963597430406839
2002-02-01,0.40554713086577066,-0.00010164300266979343,1.38,3.15,176.5311,1829.0,25.0,-0.08999999999999986,50422.0,317481.0,0.0,-2.605743236111522,0.1354625550660793,-0.008734714250062336
2002-03-01,-0.023092841242863524,0.007607057903998626,1.2999999999999998,3.45,201.2279,1642.0,25.0,-0.08999999999999986,47371.0,315160.0,0.0,3.6732594540244605,0.04946653734238593,-0.004531722054380571
2002-04-01,-1.0174,0.004811136008752603,1.2699999999999996,3.46,204.2329,1592.0,21.4,0.010000000000000231,49964.0,319110.0,0.20000000000000018,-2.7905347650701344,-0.0508317929759704,-0.02891586578991745
2002-05-01,0.9820882606477154,0.00433070910062483,1.3399999999999999,3.4,194.2879,1764.0,21.4,0.010000000000000231,50680.0,321471.0,-0.10000000000000053,-2.116526170210406,0.014605647517039966,-0.029342824897994557
2002-06-01,0.9820882606477154,0.008190866972278332,1.3200000000000003,3.2,202.7765,1717.0,21.4,0.010000000000000231,48847.0,316320.0,0.0,-4.291233132102263,-0.03550863723608444,-0.050979339951703784
2002-07-01,1.9801685128604303,-0.00022916448611509654,1.37,2.94,203.4048,1655.0,20.0,-0.03000000000000025,49531.0,320937.0,0.0,-7.571797908436174,-0.03681592039800996,0.012251437187823955
2002-08-01,-0.01725745870663159,-0.0012882437017666115,1.21,2.61,215.2304,1633.0,20.0,-0.03000000000000025,51112.0,326896.0,-0.09999999999999964,0.7811171791770306,0.07024793388429762,-0.004003351643236175
2002-09-01,-0.01725745870663159,0.001073633847824329,1.25,2.21,227.5257,1804.0,20.0,-0.03000000000000025,48089.0,319466.0,0.0,-2.9803540836681037,0.3194980694980696,-0.001028229575621653
2002-10-01,-1.0141,-0.002603497857790904,1.4100000000000001,2.33,217.423,1648.0,22.0,-0.10999999999999988,49106.0,320658.0,0.0,-0.694661339469576,0.03657644476956845,-0.0021521474688874775
2002-11-01,-1.372464810651879,0.00546371393302314,1.3100000000000005,2.8,217.5085,1753.0,22.0,-0.10999999999999988,49620.0,322463.0,0.20000000000000018,3.8033401572185994,0.10091743119266061,-0.002438109527381882
2002-12-01,-1.372464810651879,-0.005390059385177004,1.2400000000000002,2.82,235.1541,1788.0,22.0,-0.10999999999999988,48744.0,316933.0,0.09999999999999964,-0.6426747912452342,0.11410256410256414,-0.04258319232938523
2003-01-01,-1.372464810651879,0.008261512908890323,1.1799999999999997,2.86,253.4514,1853.0,8.9,-0.20000000000000018,48896.0,323882.0,-0.20000000000000018,-0.14310818626767485,-0.11967779056386652,-0.01904761904761898
2003-02-01,-1.372464810651879,0.0010839603461219038,1.1099999999999994,2.71,278.572,1629.0,8.9,-0.20000000000000018,49128.0,330320.0,0.10000000000000053,-3.839079261722418,0.15294117647058814,-0.0020018016214593537
2003-03-01,-1.372464810651879,-0.0029494714161840685,1.0600000000000005,2.66,232.2788,1726.0,8.9,-0.20000000000000018,51757.0,330437.0,0.0,0.6360481759360539,0.0992063492063493,-0.008324140006017444
2003-04-01,-0.2591677922873858,-0.006343541710131961,1.1099999999999994,2.81,215.6376,1643.0,3.4,-0.11999999999999966,49199.0,321380.0,0.09999999999999964,3.0511928740001864,0.10469314079422376,-0.017091423948220053
2003-05-01,-0.00978873302113499,-0.00023869697970957393,1.1600000000000001,2.48,235.2415,1751.0,3.4,-0.11999999999999966,50849.0,324549.0,0.09999999999999964,3.2566141401018456,-0.007002801120448154,-0.04012758514250425
2003-06-01,-0.00978873302113499,0.0013286216269092765,1.2200000000000006,2.39,233.2028,1867.0,3.4,-0.11999999999999966,49941.0,328625.0,0.20000000000000018,3.6901846386137436,-0.0009402914903620108,0.015435738021224221
2003-07-01,2.4868935752707033,0.0052047744836898335,1.13,3.06,233.1563,1897.0,0.0,-0.010000000000000231,49408.0,329530.0,-0.09999999999999964,0.4209785461425781,0.02635294117647069,0.02280164678560115
2003-08-01,-1.3415534202580275,-0.002374222228079037,1.13,3.48,242.459,1833.0,0.0,-0.010000000000000231,50447.0,330322.0,-0.10000000000000053,-0.13885988507952618,0.038514442916093516,0.012488388894622782
2003-09-01,-1.3415534202580275,0.006605742515840118,1.0700000000000003,3.31,232.6344,1939.0,0.0,-0.010000000000000231,51971.0,336048.0,0.0,2.1868718465169366,0.32141280353200874,-0.05351681957186549
2003-10-01,-0.6082159887989159,0.0012488340024034983,1.0300000000000002,3.35,238.4895,1967.0,-17.9,-0.25,51088.0,342054.0,-0.09999999999999964,1.4699690287651208,0.5218843969261611,-0.0012924071082389688
2003-11-01,-0.6082159887989159,0.006736602974022343,1.0099999999999998,3.35,245.8032,2083.0,-17.9,-0.25,52318.0,339229.0,-0.20000000000000018,0.8223147010366745,-0.030296377607025193,-0.026959991372802805
2003-12-01,0.18405531853536067,0.0008342708483635164,0.9799999999999995,3.36,260.5434,2057.0,-17.9,-0.25,53325.0,340507.0,-0.09999999999999964,2.2956566514010603,0.07878650667874121,-0.03668402970187301
2004-01-01,0.18405531853536067,0.0016638989216632982,0.9000000000000004,3.25,260.088,1911.0,-22.8,-0.16999999999999993,50190.0,339193.0,0.0,3.714957844127312,0.16495278069254993,0.003221352968246771
2004-02-01,0.18405531853536067,0.006081810085199368,0.7699999999999996,3.14,278.6556,1846.0,-22.8,-0.16999999999999993,51210.0,341261.0,-0.10000000000000053,0.8131930702611072,-0.05188254368582235,0.0012614678899083298
2004-03-01,-0.5124017074465511,-0.003965850872390431,0.7800000000000002,2.88,282.1227,1998.0,-22.8,-0.16999999999999993,54995.0,354358.0,0.20000000000000018,-1.2354966432060763,-0.0837925137754133,0.0034360325277744685
2004-04-01,-0.4692183787106284,0.0040615550755940255,0.7299999999999995,3.39,289.5122,2003.0,-20.0,-0.050000000000000044,52065.0,349488.0,-0.20000000000000018,0.7584441601613037,-0.17917876399834098,0.032758817486588265
2004-05-01,-0.4692183787106284,0.007190019800787484,0.71,3.68,301.4126,1981.0,-20.0,-0.050000000000000044,52405.0,351373.0,0.0,-2.0297090076264936,-0.1697827185447196,-0.01746242263483644
2004-06-01,-1.51041855670068,-0.007627775653908486,0.7700000000000005,3.44,286.3553,1828.0,-20.0,-0.050000000000000044,53213.0,354635.0,0.0,2.2287537347702795,-0.08551430310407793,-0.0011248593925760053
2004-07-01,2.982389212741847,0.0073237684587266205,0.7999999999999998,3.14,307.4776,2002.0,-21.1,-0.050000000000000044,53699.0,356710.0,-0.09999999999999964,-1.812286376953125,0.3470881863560733,0.01306306306306304
2004-08-01,2.982389212741847,0.0009069456655155239,0.8099999999999996,2.78,295.5954,2024.0,-21.1,-0.050000000000000044,51950.0,355629.0,-0.09999999999999964,-1.0663056146530892,0.03409090909090917,-0.011338372610048886
2004-09-01,1.4780340745076292,0.0010672836989491508,0.8099999999999996,2.45,337.7328,1905.0,-21.1,-0.050000000000000044,56227.0,361042.0,0.0,2.163533891950337,-0.01935021500238887,-0.01765234989880815
2004-10-01,-0.9201238342122563,0.008814893630631815,0.7400000000000002,2.31,355.2492,2072.0,-23.6,-0.07999999999999985,53948.0,364476.0,0.09999999999999964,0.0935291108630878,0.1990255785627284,-0.028156117660524282
2004-11-01,-8.018135063631838,0.00239371989355619,0.6800000000000006,2.08,342.5017,1782.0,-23.6,-0.07999999999999985,55318.0,373177.0,-0.09999999999999964,3.749730064755397,0.22937830150345384,-0.03639147332469683
2004-12-01,1.719531776265432,0.007749151019883049,0.6800000000000006,2.01,310.4673,2042.0,-23.6,-0.07999999999999985,56631.0,373419.0,0.0,2.242700964857491,-0.24012559907453312,-0.011855292104619886
2005-01-01,1.719531776265432,0.003603109722223552,0.6599999999999993,1.85,331.4828,2144.0,-24.1,-0.10000000000000009,57884.0,378937.0,-0.10000000000000053,-1.1896372361616585,-0.02392344497607657,0.03364254792826227
2005-02-01,0.3288157173948326,0.007299186373184163,0.6200000000000001,1.59,355.8531,2207.0,-24.1,-0.10000000000000009,57580.0,381880.0,0.10000000000000053,1.4267680720278975,0.05303030303030298,-0.012683977503888832
2005-03-01,-0.16745863052362922,-0.0014281471239909749,0.6599999999999993,1.7,383.6221,1864.0,-24.1,-0.10000000000000009,56576.0,374642.0,-0.20000000000000018,-0.19562762319755223,-0.018831993228946242,0.01878560174524302
2005-04-01,-1.5296144007745935,0.001971174424063582,0.7199999999999998,1.5,353.6854,2061.0,-16.7,0.040000000000000036,58138.0,385450.0,0.0,-2.058133228516695,-0.16972180288979943,0.0044016178919819016
2005-05-01,-1.5296144007745935,0.0011543127960125243,0.8599999999999994,1.24,354.8881,2025.0,-16.7,0.040000000000000036,57105.0,395916.0,-0.10000000000000053,1.1199348086402665,-0.16389610389610387,0.039440957005803634
2005-06-01,7.96437279398038,0.0041067231448717045,0.9000000000000004,0.96,379.7879,2068.0,-16.7,0.040000000000000036,58903.0,400506.0,-0.09999999999999964,1.8663381931585548,-0.21683752718235472,0.015154968094803989
2005-07-01,0.07189340382209289,-0.0030033954110505467,0.8900000000000006,0.89,401.999,2054.0,-8.8,0.050000000000000044,57606.0,386590.0,0.0,1.5752195184881117,-0.28441094803649347,0.0029183971265012154
2005-08-01,1.3537800400256186,0.0033457828378471444,0.8700000000000001,0.74,465.1507,2095.0,-8.8,0.050000000000000044,60352.0,401287.0,-0.09999999999999964,0.2543342590332003,0.4368070953436807,-0.01980973698936761
2005-09-01,-5.030667878611606,-0.019295984563212354,0.9000000000000004,0.71,469.5595,2151.0,-8.8,0.050000000000000044,58344.0,404154.0,0.09999999999999964,0.23063478015717465,0.12152777777777768,0.022151176067595424
2005-10-01,-5.030667878611606,0.012080175109049796,0.9500000000000002,0.67,422.8763,2065.0,-10.7,-0.08000000000000007,59751.0,409487.0,0.0,-2.400404793875552,0.07086343309253529,0.00614387846291331
2005-11-01,-0.5347514162454554,0.011052031076259627,0.9699999999999998,0.57,415.9086,2147.0,-10.7,-0.08000000000000007,60459.0,421486.0,0.0,3.507833208356587,-0.11018310311596535,0.016653713778172596
2005-12-01,-0.7790504789289375,0.004690225758113176,0.9500000000000002,0.5,431.7214,1994.0,-10.7,-0.08000000000000007,61271.0,422981.0,-0.09999999999999964,1.8741934640066944,-0.1310469314079422,-0.004368242874303707
2006-01-01,-0.7790504789289375,0.001858762606838038,0.9500000000000002,0.08,453.9183,2273.0,-12.3,-0.07000000000000006,62469.0,415824.0,-0.20000000000000018,1.3343219393775598,-0.13543830494391362,-0.024240429965997623
2006-02-01,1.6995640167645993,0.00036658235272546413,0.9199999999999999,0.03,415.8627,2119.0,-12.3,-0.07000000000000006,62592.0,421074.0,0.09999999999999964,-0.030162951820784656,0.2878423834694859,0.012927158273381423
2006-03-01,-0.4637274847093031,0.00237987630343528,0.8799999999999999,0.09,442.519,1969.0,-12.3,-0.07000000000000006,65096.0,430457.0,-0.09999999999999964,1.4455796859357122,-0.06865671641791049,-0.004217068027965731
2006-04-01,-0.4637274847093031,0.003069839612812375,0.8399999999999999,0.27,474.7863,1821.0,-8.9,0.1200000000000001,63272.0,418625.0,0.0,0.7165441447591974,-0.05128205128205132,-0.04034325197815669
2006-05-01,-0.6490753093345383,0.00012047399938230896,0.7999999999999998,0.27,474.5546,1942.0,-8.9,0.1200000000000001,64145.0,423472.0,-0.10000000000000053,-0.817272040262182,0.028716216216216228,-0.016142143769596995
2006-06-01,-0.38519893272266487,0.003224062744208833,0.8900000000000006,0.19,484.6753,1802.0,-8.9,0.1200000000000001,63601.0,427440.0,0.0,-2.481153661554501,0.21674876847290636,0.005193578847969782
2006-07-01,-0.38519893272266487,-0.0007184161748575724,0.9100000000000001,0.01,498.2476,1737.0,0.0,0.17999999999999994,63922.0,416849.0,0.10000000000000053,0.6521490270441177,0.10829959514170051,0.0016439643024894757
2006-08-01,-3.5439956271172237,0.004267148109217134,0.9100000000000001,-0.21,465.868,1650.0,0.0,0.17999999999999994,64379.0,418759.0,0.0,2.1484208314315083,0.1710806697108067,-0.0029308323563892458
2006-09-01,-0.7751861063063008,-0.002050105421065762,0.9199999999999999,-0.21,428.0533,1720.0,0.0,0.17999999999999994,66981.0,435776.0,-0.20000000000000018,2.4104338438614548,0.025214452820379485,0.011522633744855959
2006-10-01,-0.7751861063063008,-0.0010377373698294834,0.9100000000000001,-0.32,429.2243,1491.0,0.0,0.0,66492.0,415798.0,-0.09999999999999964,3.401981735229498,0.02358012170385404,-0.008252935022666552
2006-11-01,-2.0504888333095814,-0.0005446216594017228,0.8700000000000001,-0.47,463.6554,1570.0,0.0,0.0,66484.0,426451.0,0.09999999999999964,2.061253683907651,0.07406489967797869,-0.02777777777777768
2006-12-01,0.7027665183005327,0.010235384581230189,0.8999999999999995,-0.41,433.6465,1649.0,0.0,0.0,65935.0,437894.0,-0.09999999999999964,2.2096153804234007,0.014068265682656733,0.008438818565400963
2007-01-01,0.7027665183005327,-0.0038866586023411642,0.9399999999999995,-0.35,427.2178,1409.0,-3.8,0.040000000000000036,64155.0,427905.0,0.1999999999999993,0.6945377349853601,-0.039117580168296584,0.011356843992827104
2007-02-01,0.651882300213408,0.009719963177855506,0.8900000000000006,-0.44,448.4914,1480.0,-3.8,0.040000000000000036,63735.0,430410.0,-0.09999999999999964,1.6872724432694213,0.12781065088757404,-0.012174940898345143
2007-03-01,-0.1069341082102733,0.0019246831175099288,0.9699999999999998,-0.52,468.115,1495.0,-3.8,0.040000000000000036,66936.0,442158.0,-0.09999999999999964,-2.624604457873474,0.13074501573976915,-0.0076582505683856494
2007-04-01,-0.1069341082102733,0.0068592476436204475,0.9199999999999999,-0.32,474.4641,1490.0,7.5,0.33000000000000007,66118.0,446596.0,0.09999999999999964,4.346285490556198,0.15961395694135105,-0.01788255154949958
2007-05-01,-0.7294564225163388,0.0006930655055195079,0.9199999999999999,-0.12,470.648,1415.0,7.5,0.33000000000000007,64975.0,445891.0,-0.09999999999999964,3.6651024211536765,-0.04433418693982072,0.010485346298820142
2007-06-01,6.161881021200759,0.00025578441702300836,0.9100000000000001,0.36,489.152,1448.0,7.5,0.33000000000000007,64874.0,446539.0,0.1999999999999993,0.4039996754039379,0.051415173337799436,-0.004629348367577557
2007-07-01,6.161881021200759,-0.0010956575961822423,0.9199999999999999,0.04,515.941,1354.0,19.2,0.43999999999999995,64902.0,450464.0,0.10000000000000053,0.5388125465029816,0.10974832749283214,-0.014038085937500111
2007-08-01,-0.2620796806098067,0.002091318958633348,0.8600000000000003,0.35,495.304,1330.0,19.2,0.43999999999999995,66265.0,452598.0,-0.10000000000000053,-4.665780598579232,0.1054973446246592,0.0002599975238330998
2007-09-01,-0.2620796806098067,0.002483908146491798,0.8499999999999996,0.53,546.133,1183.0,19.2,0.43999999999999995,65393.0,448633.0,0.10000000000000053,3.3751414144066416,0.23007011165930935,-0.03802403733089088
2007-10-01,1.7394715888536252,-0.002930570951671152,0.8200000000000003,0.53,599.31,1264.0,32.1,0.33999999999999986,64974.0,458907.0,0.0,3.287043922825859,0.12476250791640275,-0.01595491449967179
2007-11-01,-0.43633936191751205,0.005795796474748149,0.96,0.8,577.987,1197.0,32.1,0.33999999999999986,65466.0,464910.0,0.0,-5.525981358119424,-0.04185435435435436,-0.004341060944834441
2007-12-01,-0.43633936191751205,-0.00010848478036717957,1.1600000000000001,1.03,610.169,1037.0,32.1,0.33999999999999986,68096.0,481274.0,0.2999999999999998,1.388789204188754,-0.10450538687561217,0.0071966065636202
2008-01-01,-0.43633936191751205,-0.0013566956055964807,1.21,0.92,608.378,1084.0,55.4,0.29000000000000004,68408.0,478676.0,0.0,-7.429757236299054,-0.33807284261183423,-0.019779646652324123
2008-02-01,-0.31414270743277645,-0.003927821267982412,1.29,1.57,679.778,1103.0,55.4,0.29000000000000004,66568.0,473714.0,-0.09999999999999964,-1.4973526727585522,0.25793126239259756,-0.019473782223522806
2008-03-01,-0.31414270743277645,-0.0036229712294617578,1.38,2.23,668.913,1005.0,55.4,0.29000000000000004,66526.0,473829.0,0.1999999999999993,-2.673900222778329,0.06147379482464199,-0.02593808503133721
2008-04-01,0.37429031052559214,-0.006654924229723136,1.42,2.37,721.067,1013.0,57.7,0.5,69373.0,477888.0,-0.09999999999999964,4.17759333523837,0.1577775027843089,0.00984652238099204
2008-05-01,-0.49731111146741214,-0.0057970410171180875,1.3599999999999994,2.12,786.583,973.0,57.7,0.5,68443.0,477706.0,0.40000000000000036,2.624078246938211,0.2227447627191108,0.005102814822987467
2008-06-01,-0.49731111146741214,-0.002254845471185707,1.3900000000000006,2.21,862.809,1046.0,57.7,0.5,67754.0,485010.0,0.1999999999999993,-4.527503603980662,-0.1618006993006993,-0.0057080914941205485
2008-07-01,-1.7764511711135909,-0.0042016091822876245,1.4900000000000002,2.35,760.199,923.0,83.6,1.2100000000000004,67856.0,477725.0,0.20000000000000018,-6.20373677175283,-0.13014912921055377,0.010543311759104723
2008-08-01,6.295430706419887,-0.015655168185514046,1.5100000000000007,2.14,708.156,844.0,83.6,1.2100000000000004,66142.0,463929.0,0.2999999999999998,2.0722001971620614,-0.18367102265915358,0.0567277097245551
2008-09-01,6.295430706419887,-0.04368331789819335,1.6599999999999993,2.54,622.237,820.0,83.6,1.2100000000000004,63854.0,452545.0,0.0,-4.6777427310035335,-0.5275370832721398,0.026711983561856112
2008-10-01,-0.46070468170469553,0.009886983028769336,2.6000000000000005,3.12,449.461,777.0,64.2,0.8199999999999994,59330.0,419715.0,0.40000000000000036,-18.866702693836544,-0.7354678271681692,0.07784966267243987
2008-11-01,-0.46070468170469553,-0.013099397892889497,3.0900000000000007,3.34,390.646,652.0,64.2,0.8199999999999994,60759.0,386733.0,0.2999999999999998,-6.249073980056451,-0.1598119858989424,0.010323123095068443
2008-12-01,0.024373398138391324,-0.028144902539490424,3.38,2.39,349.038,560.0,64.2,0.8199999999999994,55512.0,365490.0,0.5,-0.22747836500833785,0.08251748251748259,-0.06020782042835504
2009-01-01,0.024373398138391324,-0.024802052066672298,3.0900000000000007,2.39,336.205,490.0,39.6,0.4300000000000006,49530.0,343559.0,0.5,-0.7768118945035098,0.38242894056847554,0.057694199832734716
2009-02-01,0.024373398138391324,-0.0060168444516283115,2.8100000000000005,2.57,336.24,582.0,39.6,0.4300000000000006,50163.0,343150.0,0.5000000000000009,-4.496610812136993,0.8560747663551402,0.023360736752752853
2009-03-01,0.024373398138391324,-0.01575805131004382,2.92,2.6,358.526,505.0,39.6,0.4300000000000006,49254.0,333431.0,0.3999999999999986,-3.4925991952704507,-0.18680765357502516,-0.02929279156440312
2009-04-01,0.15568656303388068,-0.007978019718013485,3.000000000000001,2.77,365.848,478.0,31.5,0.7299999999999995,47096.0,334449.0,0.3000000000000007,7.160636208274148,0.10588235294117654,-0.009551679737797025
2009-05-01,1.972252967810456,-0.010024481771446103,2.5200000000000005,3.11,443.053,540.0,31.5,0.7299999999999995,48652.0,339817.0,0.40000000000000036,4.344932937622076,0.9563269876819709,-0.06223556385468132
2009-06-01,-1.1862875212409243,-0.0031929749844410438,1.8899999999999997,3.54,450.217,585.0,31.5,0.7299999999999995,50533.0,345129.0,0.09999999999999964,1.9862091411243767,0.07527189467658846,0.009893129001361078
2009-07-01,-0.7225223760639833,0.011582988798232607,1.6799999999999997,3.38,457.407,594.0,14.0,0.6100000000000003,50984.0,348909.0,0.0,0.8126643787730785,-0.1083311152515305,-0.02228794628929409
2009-08-01,-0.7225223760639833,0.010782985703968517,1.3200000000000003,3.42,453.787,586.0,14.0,0.6100000000000003,49900.0,355776.0,0.09999999999999964,5.985114324660529,-0.2773134328358209,-0.0022336528520555676
2009-09-01,0.5387776548465469,0.008405543826681017,1.1799999999999997,3.28,462.748,585.0,14.0,0.6100000000000003,53034.0,359189.0,0.20000000000000107,2.8355654761904816,-0.08302354399008671,-0.019431510003581787
2009-10-01,-3.4890348766859285,0.0021439650189156723,1.1399999999999997,3.32,496.808,534.0,-5.5,0.009999999999999787,51978.0,366143.0,0.1999999999999993,1.9069164821079738,0.3977477477477478,-0.004605168747472521
2009-11-01,-3.4890348766859285,0.004175956723564411,1.13,3.35,512.574,588.0,-5.5,0.009999999999999787,52771.0,369445.0,-0.09999999999999964,1.7605335235595732,0.2526587173702868,-0.018623853211009123
2009-12-01,-0.9280784762791889,0.0036103300483198986,1.1100000000000003,3.54,524.621,581.0,-5.5,0.009999999999999787,54616.0,371392.0,0.0,1.9107723929665212,-0.22691021353228713,0.03981089491045542
2010-01-01,-0.9280784762791889,0.010900831672934208,0.9900000000000002,3.67,486.145,614.0,-7.1,-0.5099999999999998,52331.0,393694.0,-0.09999999999999964,1.1687600897830066,-0.052246256239600664,0.020575391728743897
2010-02-01,15.476075348996485,0.003535006996017609,0.9900000000000002,3.58,517.484,604.0,-7.1,-0.5099999999999998,53488.0,394215.0,0.0,-2.5620627152292315,-0.038623595505618,0.011326168483048349
2010-03-01,-0.5786177843101405,0.007105438677047937,1.0,3.58,530.159,636.0,-7.1,-0.5099999999999998,56487.0,400659.0,0.09999999999999964,5.117440003279427,0.09495982468955444,0.008847465219880002
2010-04-01,-2.2609787633561957,0.0036507888965431334,0.96,3.69,549.941,687.0,-8.8,-0.14000000000000057,52283.0,400842.0,0.0,3.6890622409480898,0.11874583055370236,0.009781308203717698
2010-05-01,-2.2609787633561957,0.013695647368304531,1.0899999999999999,3.26,488.193,583.0,-8.8,-0.14000000000000057,57262.0,404370.0,-0.3000000000000007,-5.57751014346168,0.21586165772212285,0.057679622798231245
2010-06-01,-1.2178734880991788,0.002350809208281124,1.3500000000000005,3.08,495.177,536.0,-8.8,-0.14000000000000057,59605.0,400624.0,-0.1999999999999993,-3.110974329168144,-0.4100049043648848,-0.006571349378666658
2010-07-01,-0.5799548269359152,0.003752908504090602,1.29,2.85,524.809,546.0,-10.5,-0.33999999999999986,56474.0,402326.0,0.0,-0.1957903279886608,-0.18246051537822117,-0.05208151687417906
2010-08-01,-0.5799548269359152,0.0036987787419382467,1.17,2.54,499.162,599.0,-10.5,-0.33999999999999986,58224.0,408354.0,0.09999999999999964,0.7620835242333328,0.37925775292323327,0.020395148333925972
2010-09-01,1.1388870898276353,0.002718782054742741,1.13,2.5,546.064,594.0,-10.5,-0.33999999999999986,60134.0,422049.0,0.0,2.940069272920681,-0.09841503870254331,-0.053868897382274405
2010-10-01,-0.6634853557868173,-0.002724332054081735,1.04,2.41,564.16,543.0,-10.5,-0.2400000000000002,57479.0,417830.0,-0.09999999999999964,4.047236487978978,0.0948487326246934,-0.01847052845528452
2010-11-01,3.083638119939307,0.0006845632076428743,1.0499999999999998,2.62,575.84,545.0,-10.5,-0.2400000000000002,60405.0,426427.0,0.40000000000000036,2.3298953828357583,-0.21620612397311423,0.050850309321046616
2010-12-01,0.03379852185073445,0.009677676925932133,1.08,3.15,631.83,539.0,-10.5,-0.2400000000000002,61939.0,429764.0,-0.5,3.6225221311891147,-0.1553120533587422,-0.026688835519428356
2011-01-01,0.03379852185073445,-0.00208177262725473,1.0499999999999998,3.24,655.26,630.0,-16.4,-0.4499999999999993,60963.0,445734.0,-0.20000000000000107,3.4096484097567554,-0.3756345177664975,-0.016361289669484358
2011-02-01,0.9759575816592917,-0.004007312113070038,0.9300000000000006,3.45,690.85,517.0,-16.4,-0.4499999999999993,59078.0,438975.0,-0.09999999999999964,3.2359895405016346,0.13008130081300817,-0.010883128577860779
2011-03-01,-0.3403182983585242,0.010460716670376069,0.9000000000000004,3.31,725.62,600.0,-16.4,-0.4499999999999993,62497.0,463133.0,0.0,-1.1346527378946405,0.2230215827338129,-0.013421945922043377
2011-04-01,-1.2281624928683488,-0.003463576581753114,0.8599999999999994,3.4,758.79,554.0,-21.8,-0.15000000000000036,61562.0,454441.0,0.09999999999999964,2.3151495560355784,-0.1705882352941176,-0.03854621195143482
2011-05-01,-1.2281624928683488,0.001444702490590144,0.8200000000000003,3.13,707.26,561.0,-21.8,-0.15000000000000036,63711.0,458536.0,-0.09999999999999964,0.7101267860049347,0.16627265563435767,0.023377620555852685
2011-06-01,-1.827532327102572,0.002665591900012476,0.7599999999999998,2.96,668.85,608.0,-21.8,-0.15000000000000036,63751.0,454746.0,0.09999999999999964,-3.89372920577145,-0.04527027027027031,-0.004488330341113178
2011-07-01,2.1112423971667287,0.005070301517049458,0.8300000000000001,2.96,686.08,623.0,-5.9,-0.1200000000000001,64756.0,459477.0,-0.09999999999999964,3.221332827481362,-0.10544939844302903,-0.005464113158284212
2011-08-01,-0.4495515258927826,0.006472015963671307,0.9900000000000002,2.28,674.69,585.0,-5.9,-0.1200000000000001,64464.0,468947.0,0.0,-11.179944146197784,0.2808544303797469,0.0029771167977048485
2011-09-01,-0.5911367800983518,-0.0005582052492317802,1.1799999999999997,1.97,591.0,650.0,-5.9,-0.1200000000000001,65581.0,457843.0,0.0,-0.711940030873933,0.17294626312538597,0.059851316162283785
2011-10-01,-0.5911367800983518,0.006898894746363959,1.3900000000000001,2.13,647.96,610.0,5.4,-0.21999999999999975,67427.0,463126.0,-0.1999999999999993,2.864325750441779,0.034755134281200695,-0.030387127162552652
2011-11-01,1.9238324898878425,0.00017131676783765926,1.2699999999999996,2.0,658.02,711.0,5.4,-0.21999999999999975,64660.0,471598.0,-0.20000000000000107,1.7479404267810708,-0.060559796437659075,0.029120604994354427
2011-12-01,3.227249183572814e-05,0.004900491406906626,1.3199999999999998,1.97,644.91,694.0,5.4,-0.21999999999999975,68881.0,478391.0,-0.09999999999999964,1.570056370326455,-0.05850487540628391,0.022887323943661997
2012-01-01,3.227249183572814e-05,0.00613627647334547,1.3800000000000003,1.94,660.68,723.0,-6.9,-0.3100000000000005,67658.0,480643.0,-0.1999999999999993,4.881899352300735,-0.6087456846950519,-0.011100301828431802
2012-02-01,0.7240703708429047,0.003080416217740689,1.2899999999999996,1.88,703.5,704.0,-6.9,-0.3100000000000005,69902.0,488152.0,0.0,4.4266654968261605,0.10294117647058831,-0.006949349207950761
2012-03-01,-1.38933691198646,-0.005210945457054472,1.2400000000000002,2.09,688.71,695.0,-6.9,-0.3100000000000005,69522.0,478609.0,-0.10000000000000142,3.229611518166294,0.2453333333333334,0.0033910359805429113
2012-04-01,-1.38933691198646,0.007280741801271917,1.2300000000000004,1.97,684.88,753.0,-9.5,0.0,67518.0,473998.0,0.0,-0.07959854819559098,0.2366167023554604,-0.002885929826338063
2012-05-01,0.2489145373224583,0.0020965954988971802,1.2700000000000005,1.71,596.2,708.0,-9.5,0.0,69183.0,472231.0,0.0,-3.521102870594362,-0.20086580086580086,0.05416624352594712
2012-06-01,-4.415656070215262,-0.00014665974733496512,1.3799999999999994,1.53,599.44,757.0,-9.5,0.0,67129.0,463523.0,0.0,-1.249280310296399,0.0877573131094258,-0.01705140710234465
2012-07-01,-4.415656070215262,0.0023910071053221404,1.4700000000000002,1.43,635.82,740.0,-7.6,-0.2999999999999998,65294.0,474847.0,0.0,3.157137916201634,-0.10657370517928288,0.012348855158219818
2012-08-01,-1.0880597128211025,-0.004199608282151379,1.4300000000000002,1.58,675.03,754.0,-7.6,-0.2999999999999998,63721.0,456164.0,-0.09999999999999964,3.8659331833106876,-0.21627647714604237,-0.017268711804925396
2012-09-01,-1.0880597128211025,-0.0007450186511566148,1.3499999999999996,1.61,665.73,847.0,-7.6,-0.2999999999999998,63976.0,475331.0,-0.2999999999999998,3.5378233431678723,0.08961593172119486,-0.01567579548812925
2012-10-01,11.181615869249285,0.0032959517896351542,1.1099999999999999,1.65,637.74,915.0,-7.4,-0.2699999999999996,65937.0,478923.0,0.0,-0.30908881930780296,0.33942558746736284,-0.00020016263213873398
2012-11-01,1.7688241118969907,0.004078473980381414,1.0099999999999998,1.56,650.05,833.0,-7.4,-0.2699999999999996,66473.0,473540.0,-0.09999999999999964,-3.374253772553942,0.0584795321637428,0.002927964564121366
2012-12-01,1.7688241118969907,0.002523507307656603,0.98,1.65,646.58,976.0,-7.4,-0.2699999999999996,66630.0,488766.0,0.20000000000000018,2.6031970069522004,-0.35635359116022103,-0.004790837523236835
2013-01-01,1.7688241118969907,-7.229693471189069e-05,0.9300000000000006,1.84,675.37,888.0,-19.1,-0.39000000000000057,69758.0,484894.0,0.09999999999999964,5.0202742077055404,0.08726752503576529,-0.007045343429151862
2013-02-01,-0.6818693341735729,0.004933858796932755,0.9499999999999997,1.88,648.21,962.0,-19.1,-0.39000000000000057,66190.0,503233.0,-0.2999999999999998,2.887828932071386,-0.003947368421052588,0.034618152436022065
2013-03-01,-1.3984424051360351,0.004214483677615899,0.9199999999999995,1.87,655.05,1010.0,-19.1,-0.39000000000000057,66275.0,473239.0,-0.20000000000000018,3.4970043583920187,0.2021136063408191,0.012532184651429468
2013-04-01,-2.713124201177893,-0.0011059602782660383,0.8599999999999999,1.7,624.44,835.0,-18.1,-0.2999999999999998,67553.0,481548.0,0.09999999999999964,1.8102911168878677,-0.05164835164835169,-0.014823563440030885
2013-05-01,-0.8362143927414104,0.0008930213011844046,0.8400000000000003,1.89,615.46,930.0,-18.1,-0.2999999999999998,69186.0,492711.0,-0.09999999999999964,6.066483237526626,-0.06257242178447275,0.01992758055440036
2013-06-01,-0.8362143927414104,0.0013716438126651909,0.9200000000000008,2.25,611.3,839.0,-18.1,-0.2999999999999998,69443.0,502485.0,0.0,-1.4983209089799345,0.4474660074165637,-0.0028665667166417608
2013-07-01,2.0527449270760654,-0.0030328350506630963,0.9800000000000004,2.54,638.64,880.0,-8.3,-0.17999999999999972,66557.0,484427.0,-0.20000000000000018,4.408511144464683,-0.09308283518360372,-0.02025596612779057
2013-08-01,-3.214536472596077,0.0058222765010129685,0.8799999999999999,2.7,657.05,917.0,-8.3,-0.17999999999999972,65935.0,485244.0,-0.09999999999999964,0.3772305575284065,0.06591337099811678,0.0077960025536512045
2013-09-01,-3.214536472596077,0.005308119180895243,0.8300000000000001,2.79,632.4,850.0,-8.3,-0.17999999999999972,66636.0,497588.0,0.0,1.7296666232022346,0.7694346289752649,-0.022731979485180354
2013-10-01,-0.20731279995350865,-0.001133804985542497,0.7799999999999994,2.57,622.52,925.0,-13.7,-0.25,64799.0,491886.0,0.0,2.9658549764882025,-0.24912631053419865,-0.0003241046608745135
2013-11-01,-0.4884851150316574,0.0024433505031840053,0.75,2.65,620.12,1100.0,-13.7,-0.25,68592.0,501796.0,-0.2999999999999998,5.664580967115313,0.21077127659574457,0.006047758588440866
2013-12-01,-0.4884851150316574,0.0020939031172895195,0.7599999999999998,2.83,632.29,1002.0,-13.7,-0.25,67496.0,501033.0,-0.20000000000000018,2.3449834187825616,0.25041186161449747,-0.007994546355974297
2014-01-01,-0.4884851150316574,-0.003734644909802576,0.7000000000000002,2.82,622.26,888.0,-11.1,-0.30000000000000027,68106.0,485538.0,-0.10000000000000053,1.4378008161272362,-0.5125164690382082,0.01594302492659483
2014-02-01,-0.4884851150316574,0.00765831723056376,0.6499999999999995,2.66,649.6444,944.0,-11.1,-0.30000000000000027,67227.0,498158.0,0.10000000000000053,-0.17957900580310593,0.1333333333333333,-0.019923503585000835
2014-03-01,-0.4884851150316574,0.00983240445267164,0.6799999999999997,2.67,648.857,970.0,-11.1,-0.30000000000000027,68502.0,495345.0,0.0,4.264102524683295,0.08267090620031792,0.005132323599904565
2014-04-01,0.05910854648728844,0.0006211967670246565,0.6600000000000001,2.68,652.5111,1043.0,-10.7,-0.1499999999999999,66341.0,501214.0,-0.5,0.2580399286179329,-0.30763582966226133,-0.007815230961298214
2014-05-01,-1.2097420841717696,0.004020537846394445,0.5999999999999996,2.53,649.6324,1007.0,-10.7,-0.1499999999999999,65817.0,493978.0,0.09999999999999964,2.4617622012183915,-0.009544008483563071,0.011261544656113953
2014-06-01,-1.2097420841717696,0.0034448144828962413,0.5499999999999998,2.56,658.5723,911.0,-10.7,-0.1499999999999999,69872.0,501164.0,-0.20000000000000018,5.2043609619140625,-0.08993576017130622,-0.00739090943025289
2014-07-01,3.2809404630763632,0.0027183106693693393,0.5700000000000003,2.51,621.7026,1085.0,-10.5,-0.1299999999999999,67931.0,562533.0,0.10000000000000053,2.474657000917375,-0.11176470588235299,0.021071764337198262
2014-08-01,-4.3384698608215,-0.001872766609135268,0.6100000000000003,2.39,610.9172,984.0,-10.5,-0.1299999999999999,68554.0,495828.0,-0.10000000000000053,-0.7108034736666298,0.5192052980132451,0.015861323904930336
2014-09-01,-4.3384698608215,0.0030667345998387496,0.6899999999999995,2.51,574.2939,1023.0,-10.5,-0.1299999999999999,69426.0,494092.0,-0.1999999999999993,3.044702439081078,-0.0732345248474281,0.03852661091506748
2014-10-01,0.04983187958552434,5.5358778299874345e-05,0.7700000000000005,2.28,539.5923,1074.0,-5.5,-0.2400000000000002,65645.0,484393.0,-0.20000000000000018,-4.624595120826854,0.3433678269049858,0.011415471979147274
2014-11-01,0.04983187958552434,0.00613088809988116,0.8700000000000001,2.31,482.1124,1001.0,-5.5,-0.2400000000000002,63854.0,474757.0,0.09999999999999964,9.585154937115647,-0.1925770308123249,0.016556024713232143
2014-12-01,-0.6587394595028782,-9.362780726562825e-05,0.9500000000000002,2.18,418.1225,1073.0,-5.5,-0.2400000000000002,65875.0,465733.0,-0.20000000000000018,1.1748474705161982,-0.3217692974848222,0.021651048032957698
2015-01-01,-0.6587394595028782,-0.007664684531624055,0.9900000000000002,1.85,389.6819,1085.0,-5.3,-0.16999999999999993,64666.0,455570.0,0.10000000000000053,-2.019513841108818,-0.22250639386189264,0.05023873090429709
2015-02-01,-0.6587394595028782,-0.006251094379268074,0.8999999999999999,1.96,421.2419,886.0,-5.3,-0.16999999999999993,64257.0,453775.0,-0.20000000000000018,4.98267007125051,-0.11184210526315785,0.005158010210539743
2015-03-01,-0.6587394595028782,-0.0034036379868318534,0.8999999999999999,2.01,396.6492,960.0,-5.3,-0.16999999999999993,64721.0,460854.0,-0.09999999999999964,0.16046562377346163,0.11481481481481493,0.03215346352827586
2015-04-01,1.5073027758494042,-0.00568915710697715,0.9600000000000004,1.92,445.5848,1190.0,-7.0,-0.06999999999999984,64152.0,458444.0,0.0,1.5383435864468993,-0.01827242524916939,-0.0381975863436258
2015-05-01,-0.31298976915633947,-0.004691366561788368,0.9099999999999997,2.18,439.0937,1079.0,-7.0,-0.06999999999999984,62533.0,450554.0,0.1999999999999993,1.790655880882639,-0.0033840947546531774,0.024386892177589825
2015-06-01,-0.9809593638930363,-0.0029845087421194183,0.9399999999999995,2.34,440.6926,1205.0,-7.0,-0.06999999999999984,63930.0,466847.0,-0.2999999999999998,-0.7404090187766315,0.3582342954159592,-0.014673862569267393
2015-07-01,0.09888989817438729,0.006541374116625809,1.0499999999999998,2.29,378.3843,1146.0,7.4,-0.029999999999999805,63774.0,462042.0,-0.09999999999999964,-0.18088808926668776,0.41375000000000006,0.01938524375556372
2015-08-01,0.09888989817438729,-0.0022727722282662732,1.1500000000000004,2.1,380.848,1130.0,7.4,-0.029999999999999805,63370.0,450712.0,-0.10000000000000053,-4.405620195132826,-0.2015915119363395,-0.015533820991205705
2015-09-01,-0.7109406139038128,-0.00269825000346946,1.2699999999999996,2.15,359.3369,1224.0,7.4,-0.029999999999999805,63318.0,444408.0,-0.09999999999999964,-8.10315450032553,-0.0033222591362126463,0.005489230255468325
2015-10-01,0.6168549457033374,-0.004542382315521731,1.3899999999999997,2.05,363.4441,1058.0,8.2,-0.050000000000000266,63051.0,450612.0,0.0,7.358552610719357,-0.1988888888888889,0.0061857810067462715
2015-11-01,0.6168549457033374,-0.00768140108436266,1.4000000000000004,2.13,336.1496,1172.0,8.2,-0.050000000000000266,62049.0,444829.0,0.09999999999999964,5.291714200106526,-0.19001386962552014,0.033255626843810004
2015-12-01,-0.5056018512823838,-0.005277631596158905,1.4899999999999998,2.01,311.6524,1146.0,8.2,-0.050000000000000266,60165.0,435650.0,-0.09999999999999964,-2.0178106134588063,-0.18150684931506844,-0.015363881401617263
2016-01-01,-0.5056018512823838,0.005577742440611377,1.4500000000000002,1.83,300.6679,1092.0,11.6,-0.10000000000000009,61709.0,440739.0,-0.20000000000000018,-11.760482715077359,-0.33682008368200833,0.009885330170027684
2016-02-01,4.228291453591806,-0.005170578803041281,1.38,1.47,303.6298,1225.0,11.6,-0.10000000000000009,61077.0,431345.0,0.10000000000000053,-0.950009436356396,0.03785488958990535,-0.014005180410818552
2016-03-01,0.09873758148043163,-0.007645513506298607,1.31,1.59,323.4185,1111.0,11.6,-0.10000000000000009,60564.0,434562.0,0.09999999999999964,10.805860970237035,0.30395136778115495,-0.03691032572726072
2016-04-01,-0.19120172124561063,0.0030355059431315112,1.17,1.58,360.407,1163.0,8.5,-0.040000000000000036,60970.0,446633.0,0.09999999999999964,5.0407187721945945,0.6386946386946386,-0.015900873279343752
2016-05-01,-0.19120172124561063,-0.0023040257465735126,1.0299999999999998,1.53,370.9456,1148.0,8.5,-0.040000000000000036,59565.0,441629.0,-0.2999999999999998,-0.5874619256882454,-0.12944523470839264,0.030177692787005217
2016-06-01,-1.4953784396881058,0.004755135954122691,1.0300000000000002,1.37,374.0323,1203.0,8.5,-0.040000000000000036,59505.0,432256.0,0.10000000000000053,2.0149341269489014,0.07843137254901955,0.0026279838566705127
2016-07-01,-1.5704850997480806,0.001626525437641968,0.94,1.2,339.3952,1239.0,1.5,0.020000000000000018,59899.0,437673.0,-0.10000000000000053,6.092821988192469,-0.0060606060606061,-0.006375919203686187
2016-08-01,1.6142054953283271,-0.00108157766668604,0.9200000000000004,1.26,348.2078,1171.0,1.5,0.020000000000000018,61743.0,439979.0,0.10000000000000053,2.925575588060468,0.08384146341463405,0.005150214592274827
2016-09-01,-2.25111397950257,-0.0010280542326461806,0.8999999999999995,1.34,364.4711,1068.0,1.5,0.020000000000000018,59290.0,438120.0,0.09999999999999964,-1.4216925895485701,0.23066104078762306,-0.005821582553998117
2016-10-01,-2.25111397950257,0.0008506651714967894,0.8700000000000001,1.43,361.623,1313.0,1.4,-0.11999999999999988,59413.0,457161.0,-0.09999999999999964,-1.0195203508649513,-0.020571428571428574,0.031237233273624376
2016-11-01,-1.215133702520591,-0.004175758717732014,0.8500000000000001,1.69,377.2212,1140.0,1.4,-0.11999999999999988,59262.0,438612.0,-0.20000000000000018,2.3387393043154816,0.40490081680280054,0.031032556249682708
2016-12-01,-0.46514682747996317,0.006163759252251211,0.7700000000000005,1.98,398.2039,1252.0,1.4,-0.11999999999999988,59355.0,447092.0,0.0,7.765205019996273,-0.2018272425249169,0.0069950738916255695
2017-01-01,-0.46514682747996317,-0.0017329533103553896,0.7400000000000002,1.91,395.8302,1190.0,-2.8,-0.1499999999999999,60689.0,447249.0,0.0,2.8380098615373868,-0.16753381893860564,-0.02639663438019757
2017-02-01,-0.7478504951202727,-0.0032116303353727504,0.6899999999999995,1.89,402.2199,1271.0,-2.8,-0.1499999999999999,60752.0,452577.0,-0.10000000000000053,5.277245049727583,0.07374999999999998,0.016158855213441736
2017-03-01,-0.7199814155637034,0.006653268006397095,0.6699999999999999,1.73,388.2245,1190.0,-2.8,-0.1499999999999999,61176.0,450876.0,-0.1999999999999993,3.7800302745548606,0.5098952270081489,-0.0076147151898735554
2017-04-01,-0.7199814155637034,0.009910913814717759,0.7000000000000002,1.49,382.7658,1146.0,-3.9,0.020000000000000018,61339.0,451123.0,0.0,-0.4056888117670212,-0.14494988434849654,-0.012954658694569021
2017-05-01,0.05169383638183206,0.0008445397258494136,0.6999999999999997,1.4,377.8538,1157.0,-3.9,0.020000000000000018,61398.0,450172.0,0.0,3.6127143020264896,-0.2082957619477006,-0.021484098939929308
2017-06-01,-5.350872555775239,0.0017555597719172145,0.69,1.19,372.3775,1249.0,-3.9,0.020000000000000018,60227.0,466309.0,-0.10000000000000053,3.957573630593032,0.026195899772209597,-0.013350941994593524
2017-07-01,-5.350872555775239,-0.0017245710503335232,0.6899999999999995,1.23,388.0653,1206.0,-8.5,0.010000000000000009,61403.0,448049.0,0.0,2.1677228754217026,0.049944506104328434,-0.028914125569916793
2017-08-01,0.7582385156043394,-0.004533571395760938,0.6799999999999997,1.18,386.0041,1159.0,-8.5,0.010000000000000009,61643.0,454873.0,0.10000000000000053,0.5387604754903919,0.2515856236786469,-0.0020998675468162364
2017-09-01,-1.0500858698494926,0.0009539783203160734,0.6699999999999999,1.15,399.3082,1181.0,-8.5,0.010000000000000009,63497.0,461244.0,-0.10000000000000053,3.766654105808442,0.14527027027027017,0.004402814347994832
2017-10-01,-1.0500858698494926,0.012599353195787977,0.7200000000000002,1.27,415.1419,1257.0,-10.0,-0.09000000000000008,63980.0,465763.0,-0.09999999999999964,6.196858631480808,0.1224188790560472,0.015858008509175514
2017-11-01,-25.17857488111873,0.0018398635789156348,0.6999999999999997,1.1,424.2574,1273.0,-10.0,-0.09000000000000008,63558.0,470676.0,0.0,3.7182993042520707,0.036793692509855536,-0.01591716727303505
2017-12-01,-0.18220244919299605,0.001598403572204754,0.71,1.06,442.4357,1177.0,-10.0,-0.09000000000000008,63745.0,481124.0,-0.10000000000000053,6.986826469784688,-0.13434727503168564,-0.009919717991982546
2018-01-01,-0.18220244919299605,-0.00042214151998565264,0.71,1.15,456.533,1301.0,-11.3,-0.1399999999999999,63816.0,469569.0,-0.09999999999999964,11.864873359316874,-0.15666178623718885,-0.03246710954800047
2018-02-01,-0.5173714465688157,0.0035699837189797634,0.69,1.27,443.3807,1279.0,-11.3,-0.1399999999999999,65257.0,478323.0,0.09999999999999964,-7.472017484201217,0.03472222222222232,0.016604400166044142
2018-03-01,0.02804431091091652,0.005621059752150215,0.7699999999999996,1.11,452.9353,1324.0,-11.3,-0.1399999999999999,64073.0,486328.0,-0.09999999999999964,0.23311716333068944,-0.11493288590604023,-0.007051968260624819
2018-04-01,0.02804431091091652,0.011297584536339444,0.8199999999999998,1.08,475.7616,1286.0,-15.9,-0.010000000000000009,65444.0,483649.0,0.0,-4.227719261532741,0.27109004739336484,0.020750439015715605
2018-05-01,-0.6355570242861283,-0.009286114817178115,0.8300000000000001,1.08,481.4273,1358.0,-15.9,-0.010000000000000009,66748.0,489577.0,-0.20000000000000018,4.842275578222228,-0.18717375093214017,0.02327936324735136
2018-06-01,7.214838878613337,0.007585375731286703,0.8700000000000001,0.97,487.4372,1199.0,-15.9,-0.010000000000000009,67678.0,492979.0,0.20000000000000018,5.361602915313853,0.27064220183486243,0.005224571446812654
2018-07-01,7.214838878613337,0.0020145122362247303,0.9199999999999999,0.9,464.8324,1199.0,-15.9,-0.030000000000000027,68406.0,484186.0,-0.20000000000000018,3.9872269403367113,0.2613718411552346,0.0008891711654492873
2018-08-01,0.4985175351862859,0.006972823964708663,0.8899999999999997,0.82,468.6881,1289.0,-15.9,-0.030000000000000027,67270.0,494902.0,0.0,6.370233160615214,-0.09616485403548936,0.0061975167629080286
2018-09-01,0.4985175351862859,-0.00013150291514130164,0.8999999999999999,0.83,486.2794,1247.0,-15.9,-0.030000000000000027,67127.0,496790.0,-0.09999999999999964,4.543292222361231,-0.024699176694110148,-8.408660920744548e-05
2018-10-01,-2.9184537869840255,-0.0011414418263069326,0.9300000000000006,0.86,456.3168,1220.0,2.8,-0.010000000000000009,67931.0,491304.0,0.09999999999999964,-10.57658159269073,-0.03246753246753242,0.020970861539755248
2018-11-01,1.193567304539035,-0.0008390390552016624,1.0,0.75,406.5197,1177.0,2.8,-0.010000000000000009,65255.0,476292.0,0.0,-5.411053548935286,-0.17382550335570468,0.001492890751284559
2018-12-01,1.193567304539035,-0.0008782198589269985,1.1100000000000003,0.42,374.3282,1089.0,2.8,-0.010000000000000009,65773.0,478638.0,0.10000000000000009,-14.078121405197578,0.03249390739236402,-0.011298215313759408
2019-01-01,1.193567304539035,-0.005782283453195869,1.19,0.29,407.8907,1232.0,-4.2,-0.10000000000000009,67110.0,470023.0,0.10000000000000009,4.147275690446833,-0.4744295830055075,-0.006186767595894871
2019-02-01,0.31068420633907606,-0.0043837224165378386,1.1600000000000001,0.24,426.3466,1129.0,-4.2,-0.10000000000000009,66772.0,466237.0,-0.20000000000000018,14.279562431469316,-0.014970059880239472,0.006057879428320367
2019-03-01,-0.08519598442386485,0.0008199136902242721,1.0699999999999998,0.12,434.1253,1200.0,-4.2,-0.10000000000000009,67615.0,475062.0,0.0,5.137936202505728,0.04711246200607899,0.011720415570369402
2019-04-01,-0.6217682827707394,-0.005028182701652173,1.0100000000000002,0.1,446.4518,1280.0,-2.8,0.010000000000000009,67038.0,467207.0,-0.19999999999999973,9.778493245442746,0.46734397677793904,0.0020044406068828735
2019-05-01,7.368885971229919,0.0018850859423378274,0.96,0.0,407.7638,1308.0,-2.8,0.010000000000000009,66680.0,460025.0,0.0,-4.229940835531693,0.08407517309594459,0.002780085967234003
2019-06-01,7.368885971229919,0.00016768120293719768,1.04,-0.15,425.3581,1235.0,-2.8,0.010000000000000009,66243.0,458859.0,0.0,3.893564536354802,0.23540145985401462,-0.016572890025575493
2019-07-01,-1.0506231659284422,-0.003817031994447939,0.9900000000000002,-0.08,422.4391,1232.0,5.4,0.010000000000000009,65872.0,464846.0,0.10000000000000009,10.433722617409444,0.3796159527326439,0.02482055549776363
2019-08-01,1.9003118051168075,0.006921640841790477,0.8900000000000001,-0.36,397.0581,1370.0,5.4,0.010000000000000009,65829.0,462869.0,0.0,-8.919257424094496,0.2730192719486082,0.004060254171911026
2019-09-01,1.9003118051168075,-0.0032028421336993684,0.8800000000000003,-0.23,403.6126,1297.0,5.4,0.010000000000000009,65203.0,459825.0,-0.20000000000000018,8.555313249067865,-0.2333894028595458,0.004660520037203186
2019-10-01,-1.2494574519149333,-0.007813490090564201,0.9100000000000001,0.03,407.5104,1328.0,0.0,0.050000000000000044,65207.0,458943.0,0.10000000000000009,-0.08393083655317923,-0.050466264399341765,-0.020376948388460048
2019-11-01,2.0715063063344,0.0031480435263195883,0.8799999999999999,0.24,409.1913,1343.0,0.0,0.050000000000000044,63805.0,448388.0,0.0,12.598623524541438,-0.11727325245522824,0.009460514421891553
2019-12-01,2.0715063063344,-0.00327822609475803,0.8700000000000001,0.29,436.2189,1538.0,0.0,0.050000000000000044,62950.0,451857.0,0.0,7.397472563244037,-0.28664921465968585,-0.019171084631587565
2020-01-01,2.0715063063344,-0.00452226345083484,0.8300000000000001,0.21,388.8018,1569.0,41.5,-0.020000000000000018,62298.0,459272.0,-0.10000000000000009,10.10925583612351,-0.5532110091743119,0.010385002438037638
2020-02-01,2.0715063063344,0.003956447489215531,0.8300000000000001,-0.04,358.4439,1571.0,41.5,-0.020000000000000018,61245.0,460927.0,0.0,0.38258595096141335,0.09856262833675555,0.00761885203819701
2020-03-01,2.0715063063344,-0.037650510600390596,1.27,0.57,255.5416,1270.0,41.5,-0.020000000000000018,60715.0,416951.0,0.9000000000000004,-59.66991793253777,0.17009345794392527,0.009334365956059187
2020-04-01,-1.0041163734901737,-0.13196069255966303,1.6999999999999997,0.52,257.0446,938.0,71.2,0.08000000000000007,55545.0,356382.0,10.299999999999999,11.259022568211435,0.01437699680511173,-0.0003230756804780688
2020-05-01,279.59308035599094,0.016190162313586498,1.4500000000000002,0.54,307.0756,1055.0,71.2,0.08000000000000007,56463.0,377550.0,-1.5,15.712041219075502,-0.2062992125984252,-0.006786781934232988
2020-06-01,-0.07702132329884807,0.06275359213292475,1.2000000000000002,0.57,325.483,1269.0,71.2,0.08000000000000007,58548.0,408711.0,-2.1999999999999993,18.37036410245031,2.5694444444444446,-0.009690474253640224
2020-07-01,-0.5595082920832066,0.03805463187298841,1.17,0.49,339.821,1510.0,37.7,0.05999999999999983,60095.0,431781.0,-0.8000000000000007,10.404736605557503,-0.24958310172317955,-0.04150280826770447
2020-08-01,-0.5595082920832066,0.009170141079901217,1.02,0.55,358.2109,1376.0,37.7,0.05999999999999983,60687.0,436444.0,-1.799999999999999,18.219728742326993,0.10222222222222221,-0.012908547493813538
2020-09-01,-0.7029723951473913,-0.00048066269027535746,1.0499999999999998,0.57,350.178,1461.0,37.7,0.05999999999999983,62159.0,441723.0,-0.5,-2.086635044642833,0.159274193548387,0.018905191873588967
2020-10-01,-2.54272198101159,0.00784731308374731,1.0899999999999999,0.69,340.7799,1530.0,5.5,-0.15999999999999992,62801.0,446352.0,-1.0,5.5801201362114625,-0.25623188405797104,0.00161898472615718
2020-11-01,-2.54272198101159,0.0030291763490835066,1.0,0.78,385.594,1541.0,5.5,-0.15999999999999992,62967.0,447337.0,-0.20000000000000018,13.110258761319244,-0.04364770070148094,-0.023065143878006733
2020-12-01,0.286244387947681,0.010499565993226767,0.9000000000000004,0.84,409.458,1651.0,5.5,-0.15999999999999992,63944.0,454763.0,0.0,14.739887445623197,0.11328443357783202,-0.021029944812722468
2021-01-01,0.286244387947681,0.011478734027593696,0.79,1.0,430.9947,1602.0,-15.1,-0.15999999999999992,64750.0,465947.0,-0.2999999999999998,10.006464981006104,0.06295754026354317,0.00719392463613433
2021-02-01,0.2933943807398606,-0.030639352437175416,0.7199999999999998,1.22,476.9869,1430.0,-15.1,-0.15999999999999992,64562.0,465933.0,-0.20000000000000018,9.112972861842081,0.15358126721763088,0.0032566457652565273
2021-03-01,0.16012644783810567,0.02742584680809479,0.7000000000000002,1.58,467.414,1711.0,-15.1,-0.15999999999999992,65886.0,470612.0,-0.20000000000000018,3.240666020653066,0.22149253731343288,0.02589157010970622
2021-04-01,0.15865506378820535,0.0016437037044529923,0.7000000000000002,1.61,505.8542,1505.0,-32.4,-0.040000000000000036,67955.0,467703.0,0.0,22.99314536021609,0.4921798631476051,-0.02093701733310449
2021-05-01,0.15865506378820535,0.0076132597354594544,0.6600000000000001,1.6,519.2278,1605.0,-32.4,-0.040000000000000036,66882.0,476677.0,-0.20000000000000018,3.0131972539992944,-0.1496888306583688,-0.01589614373356718
2021-06-01,-0.48271955938149474,0.004147186017027904,0.6499999999999999,1.48,535.9755,1664.0,-32.4,-0.040000000000000036,68158.0,486157.0,0.10000000000000053,7.445015924627114,0.3031587057010785,0.029021808102060787
2021-07-01,0.31415991841973295,0.006787946778345155,0.6700000000000004,1.27,541.129,1573.0,-18.2,0.030000000000000027,68660.0,487733.0,-0.5,12.742203023010518,-0.026899201891812052,-0.0028343935263317466
2021-08-01,0.31415991841973295,-0.00035093841328248665,0.6900000000000004,1.23,527.3677,1576.0,-18.2,0.030000000000000027,69530.0,493380.0,-0.20000000000000018,9.293577450178418,0.25516403402187127,0.0049037689587085875
2021-09-01,2.058586630659211,-0.009790057221059745,0.7000000000000002,1.33,557.7057,1559.0,-18.2,0.030000000000000027,69298.0,491911.0,-0.5,-0.2947196795311129,0.250484027105518,0.01731695204370265
