,CI,IP,CRP,STS,CP,HS,LOAN,DL,NONS,NAPM,UR,MOM
1993-02-01,-0.032994060097889105,0.004554843738206582,0.6800000000000006,3.27,186.5014,1210.0,-12.1,-0.5800000000000001,36962.0,247176.0,-0.20000000000000018,0.20562121742650064
1993-03-01,-0.23178551532031308,-0.0008448898729751519,0.5700000000000003,2.97,190.171,1083.0,-12.1,-0.5800000000000001,36895.0,245506.0,-0.09999999999999964,0.5300752434632336
1993-04-01,-0.03178696255187931,0.0029128076058348995,0.6800000000000006,3.04,187.6663,1258.0,-25.0,-0.28000000000000025,37729.0,244703.0,0.09999999999999964,-0.36988179777473107
1993-05-01,-0.03178696255187931,-0.003840839292245102,0.7800000000000011,3.01,181.2161,1260.0,-25.0,-0.28000000000000025,37869.0,245194.0,0.0,0.17839481717064132
1993-06-01,-1.0299,0.002204324777685729,0.7400000000000002,2.82,175.9696,1280.0,-25.0,-0.28000000000000025,38381.0,249521.0,-0.09999999999999964,0.2680280858820119
1993-07-01,-0.28217182320445267,0.0023910684397356885,0.7599999999999998,2.7,174.0556,1254.0,-20.0,-0.4500000000000002,38915.0,245765.0,-0.09999999999999964,-0.0018600818914755735
1993-08-01,-0.28217182320445267,-0.0011055248720159838,0.75,2.59,175.8414,1300.0,-20.0,-0.4500000000000002,39309.0,246562.0,-0.10000000000000053,0.45495265696471776
1993-09-01,0.9666649207443115,0.005046956441872696,0.6799999999999997,2.35,177.357,1343.0,-20.0,-0.4500000000000002,39307.0,245731.0,-0.09999999999999964,0.3631143487377102
1993-10-01,-0.8646196751314761,0.007722043005839563,0.6399999999999997,2.24,171.4164,1392.0,-18.6,-0.08999999999999986,40550.0,251656.0,0.09999999999999964,0.3240489959716797
1993-11-01,-1.0312,0.0048350140259236785,0.7300000000000004,2.54,165.0651,1376.0,-18.6,-0.08999999999999986,40301.0,247827.0,-0.20000000000000018,-0.029953184581938075
1993-12-01,0.2162800273598282,0.0053667774216306086,0.7600000000000007,2.64,163.5542,1533.0,-18.6,-0.08999999999999986,43296.0,250057.0,-0.09999999999999964,0.27213341023498927
1994-01-01,0.2162800273598282,0.003286958837460885,0.7300000000000004,2.71,177.3524,1272.0,-15.5,-0.4900000000000002,39801.0,257125.0,0.09999999999999964,0.4516668856401971
1994-02-01,-0.03840831629169836,0.0006919218128349502,0.6799999999999997,2.64,171.232,1337.0,-15.5,-0.4900000000000002,41736.0,256624.0,0.0,-0.0164329892113102
1994-03-01,3.954810169490735,0.01003188984591552,0.6500000000000004,2.89,170.3859,1564.0,-15.5,-0.4900000000000002,41245.0,257190.0,-0.09999999999999964,-0.4016951685366408
1994-04-01,3.954810169490735,0.006069708701194498,0.6399999999999997,3.19,174.5563,1465.0,-10.3,-0.16999999999999993,42992.0,260006.0,-0.09999999999999964,-0.953256288436787
1994-05-01,3.954810169490735,0.0047367232433794815,0.629999999999999,2.91,176.7601,1526.0,-10.3,-0.16999999999999993,42849.0,263419.0,-0.3000000000000007,0.2770265469276225
1994-06-01,-0.24470270270268266,0.0065271712477523725,0.6800000000000006,2.85,180.0834,1409.0,-10.3,-0.16999999999999993,44555.0,267027.0,0.0,0.32492491073938723
1994-07-01,0.45315687331536786,0.0013456920453358556,0.6900000000000013,2.84,182.5207,1439.0,-22.4,-0.1200000000000001,44016.0,267694.0,0.0,-0.17072245857932344
1994-08-01,-0.3815178970917241,0.006571706616309569,0.6699999999999999,2.63,170.2628,1450.0,-22.4,-0.1200000000000001,44406.0,269994.0,-0.09999999999999964,0.8444488193677806
1994-09-01,0.9478622073573355,0.003208291491265669,0.6400000000000006,2.71,171.4158,1474.0,-22.4,-0.1200000000000001,44507.0,270377.0,-0.09999999999999964,0.20799950783297305
1994-10-01,0.9478622073573355,0.007787134449250166,0.629999999999999,2.64,179.036,1450.0,-10.2,0.1200000000000001,45959.0,275087.0,-0.10000000000000053,-0.10535403660365716
1994-11-01,-1.0555,0.006740815159078872,0.6400000000000006,2.51,175.1664,1511.0,-10.2,0.1200000000000001,45942.0,276477.0,-0.20000000000000018,-0.0962233770461296
1994-12-01,-0.06299201596806231,0.010151652859269111,0.6399999999999988,2.05,180.7578,1455.0,-10.2,0.1200000000000001,46186.0,282738.0,-0.09999999999999964,-0.2667581467401412
1995-01-01,-0.06299201596806231,0.001707122197765809,0.6199999999999992,1.88,176.0039,1407.0,-6.8,-0.18999999999999995,47317.0,279692.0,0.09999999999999964,0.6565909612746452
1995-02-01,-0.22758011928431754,-0.0014611530257462313,0.5899999999999999,1.53,177.1083,1316.0,-6.8,-0.18999999999999995,46200.0,284915.0,-0.1999999999999993,1.1152013429722984
1995-03-01,-0.4590749835418451,0.0015877967676094507,0.5800000000000001,1.29,179.0597,1249.0,-6.8,-0.18999999999999995,46095.0,282195.0,0.0,0.7325557516696009
1995-04-01,-0.4590749835418451,-0.001428846782371096,0.5700000000000003,1.22,183.6347,1267.0,-8.6,0.03000000000000025,46776.0,283370.0,0.39999999999999947,0.9699993526362718
1995-05-01,-0.05697109067008472,0.004624170733447341,0.5499999999999989,0.78,180.8068,1314.0,-8.6,0.03000000000000025,48401.0,282955.0,-0.20000000000000018,1.0391790992335252
1995-06-01,0.0,0.003246802971131002,0.6000000000000005,0.53,174.4889,1281.0,-8.6,0.03000000000000025,47970.0,281900.0,0.0,1.0135323784568087
1995-07-01,0.0,-0.0043798233915320894,0.629999999999999,0.69,177.3371,1461.0,-5.2,0.009999999999999787,45962.0,281269.0,0.10000000000000053,1.1729984977028565
1995-08-01,-0.30486206671030086,0.013161030970657572,0.6199999999999992,0.92,180.5308,1416.0,-5.2,0.009999999999999787,47502.0,285979.0,0.0,0.17337648142939344
1995-09-01,-1.2525493819127964,0.004164471158939254,0.6099999999999994,0.77,181.0815,1369.0,-5.2,0.009999999999999787,49431.0,293326.0,-0.10000000000000053,1.3184652162634833
1995-10-01,-1.2525493819127964,-0.0015714696735124045,0.6299999999999999,0.6,183.1156,1369.0,6.9,0.040000000000000036,50283.0,287568.0,-0.09999999999999964,0.3098546635020867
1995-11-01,-0.05224895833333326,0.00231768950096245,0.6600000000000001,0.41,187.9269,1452.0,6.9,0.040000000000000036,49798.0,287704.0,0.09999999999999964,0.8703107544870079
1995-12-01,-0.4965827864133328,0.0037183474984667786,0.6699999999999999,0.42,203.4971,1431.0,6.9,0.040000000000000036,51221.0,297684.0,0.0,1.2705446879068987
1996-01-01,-0.4965827864133328,-0.005634605836747797,0.6600000000000001,0.5,196.8141,1467.0,-1.8,-0.1200000000000001,47931.0,285822.0,0.0,0.0033286701549215536
1996-02-01,0.5462353776629121,0.014448222743776773,0.6399999999999997,0.85,197.696,1491.0,-1.8,-0.1200000000000001,49183.0,277940.0,-0.09999999999999964,2.2461103786121654
1996-03-01,-0.30415356454714915,-0.0013575823135689724,0.6799999999999997,1.17,206.664,1424.0,-1.8,-0.1200000000000001,49780.0,298862.0,0.0,-0.03613262176513388
1996-04-01,-0.5517193857965884,0.010298613762717457,0.6899999999999995,1.42,209.3274,1516.0,-7.4,0.0,48102.0,290320.0,0.09999999999999964,-0.000881195068359375
1996-05-01,1.9472855137210134,0.007167440414285631,0.6800000000000006,1.59,203.8712,1504.0,-7.4,0.0,50505.0,298700.0,0.0,1.0220468694513514
1996-06-01,1.9472855137210134,0.007571523619427589,0.6900000000000004,1.68,206.5216,1467.0,-7.4,0.0,51556.0,299606.0,-0.2999999999999998,0.5326312845403507
1996-07-01,-0.0530108280254776,-1.3206724862602215e-06,0.6999999999999993,1.57,194.652,1472.0,-8.6,0.020000000000000018,51047.0,298909.0,0.20000000000000018,-1.4996036356145694
1996-08-01,-0.05286856780734853,0.004868005214021975,0.7199999999999998,1.45,198.515,1557.0,-8.6,0.020000000000000018,50780.0,293231.0,-0.40000000000000036,1.2499724301424848
1996-09-01,-0.05286856780734853,0.006681780844422391,0.6899999999999995,1.59,205.2159,1475.0,-8.6,0.020000000000000018,49824.0,302015.0,0.10000000000000053,0.8855143460360466
1996-10-01,-0.4521951358180768,-0.00038774921373085913,0.6800000000000006,1.41,204.9208,1392.0,-8.9,0.03000000000000025,52556.0,301595.0,0.0,1.7618659475575313
1996-11-01,-0.5530500000000655,0.008921691294592193,0.6900000000000004,1.03,218.9817,1489.0,-8.9,0.03000000000000025,52664.0,309537.0,0.20000000000000018,2.2846403619517446
1996-12-01,-0.5530500000000655,0.006277079533406615,0.6899999999999995,1.26,215.2563,1370.0,-8.9,0.03000000000000025,50765.0,300179.0,0.0,0.5136368433634431
1997-01-01,-0.5530500000000655,0.0017611295928947612,0.6699999999999999,1.41,204.9099,1355.0,-10.3,-0.20999999999999996,51958.0,300765.0,-0.10000000000000053,1.5039673429546951
1997-02-01,-0.5530500000000655,0.01191969806513593,0.6300000000000008,1.28,188.8185,1486.0,-10.3,-0.20999999999999996,54285.0,310604.0,-0.09999999999999964,2.117732408514435
1997-03-01,-0.5530500000000655,0.006031779470122345,0.6299999999999999,1.41,192.4289,1457.0,-10.3,-0.20999999999999996,54195.0,307465.0,0.0,-0.3324709942466342
1997-04-01,-1.5503757802746567,0.0009057125485338879,0.6099999999999994,1.59,196.7678,1492.0,-5.8,-0.03000000000000025,55044.0,313694.0,-0.10000000000000053,-1.754416292363949
1997-05-01,-0.051647660636562676,0.005376425395480888,0.6199999999999992,1.51,197.3687,1442.0,-5.8,-0.03000000000000025,53924.0,308733.0,-0.1999999999999993,4.570546385529752
1997-06-01,-0.051647660636562676,0.004556679578303413,0.6099999999999994,1.42,185.1689,1494.0,-5.8,-0.03000000000000025,55972.0,315090.0,0.09999999999999964,2.838601793561665
1997-07-01,0.44673084112175065,0.008027552987714737,0.6100000000000003,1.03,192.2873,1437.0,-7.0,0.08000000000000007,58969.0,318485.0,-0.09999999999999964,3.235471675922348
1997-08-01,-0.05218138957809773,0.010300842537367183,0.6000000000000005,1.02,195.7684,1390.0,-7.0,0.08000000000000007,58232.0,319106.0,-0.10000000000000053,0.13839190759699704
1997-09-01,-0.05218138957809773,0.009683636822571007,0.5499999999999998,1.13,201.7335,1546.0,-7.0,0.08000000000000007,60143.0,318687.0,0.10000000000000053,0.7076116289411303
1997-10-01,0.9502383900928805,0.008545888337932794,0.5700000000000003,0.92,208.1534,1520.0,1.8,0.020000000000000018,57582.0,319565.0,-0.20000000000000018,0.9693105867437168
1997-11-01,0.9502383900928805,0.0077852006584331335,0.5499999999999998,0.6,188.6889,1510.0,1.8,0.020000000000000018,57967.0,334896.0,-0.10000000000000053,-0.687243629647611
1997-12-01,-0.05174956843394435,0.004533547294796492,0.5600000000000005,0.51,175.623,1566.0,1.8,0.020000000000000018,58401.0,315121.0,0.10000000000000053,1.6564936113129392
1998-01-01,-0.05174956843394435,0.00449525810887752,0.5800000000000001,0.36,174.2636,1525.0,-7.1,-0.18000000000000016,56811.0,315893.0,-0.10000000000000053,0.038536279851740574
1998-02-01,-0.05174956843394435,0.0015335227360127046,0.5800000000000001,0.34,165.0984,1584.0,-7.1,-0.18000000000000016,59362.0,322715.0,0.0,4.039054388748973
1998-03-01,-0.05174956843394435,0.000324902027270646,0.6000000000000005,0.49,166.715,1567.0,-7.1,-0.18000000000000016,57672.0,317454.0,0.10000000000000053,3.536785746305185
1998-04-01,-0.050746153846157493,0.0037121287280732496,0.6399999999999997,0.56,163.8963,1540.0,0.0,0.03000000000000025,55909.0,320388.0,-0.40000000000000036,2.3245814434893646
1998-05-01,-0.38306183456186393,0.006238916861902588,0.6099999999999994,0.51,158.2691,1536.0,0.0,0.03000000000000025,58575.0,320787.0,0.10000000000000053,-0.15782628740582538
1998-06-01,-0.05082699386515801,-0.0060213137433065,0.5999999999999996,0.38,155.1993,1641.0,0.0,0.03000000000000025,59020.0,311219.0,0.09999999999999964,0.1291925256902573
1998-07-01,-0.049123990208342516,-0.0039012682651357045,0.6000000000000005,0.37,143.6022,1698.0,36.4,0.08999999999999986,56670.0,308769.0,0.0,3.155805761163876
1998-08-01,-0.049123990208342516,0.020691797454480243,0.6200000000000001,0.3,136.9596,1614.0,36.4,0.08999999999999986,57658.0,318026.0,0.0,-5.268995540998716
1998-09-01,0.9562550122253356,-0.0010368174333446056,0.6899999999999995,0.07,153.7656,1582.0,36.4,0.08999999999999986,60257.0,319546.0,0.09999999999999964,-3.364047095889134
1998-10-01,0.0,0.0075061943478820226,0.8099999999999996,0.46,148.4851,1715.0,7.4,-0.009999999999999787,56319.0,315959.0,-0.09999999999999964,0.9182526394402402
1998-11-01,0.0,-0.0008760967017603649,0.9299999999999997,0.3,133.4806,1660.0,7.4,-0.009999999999999787,58162.0,319291.0,-0.09999999999999964,7.34568717262961
1998-12-01,-0.5454172854535353,0.00403795145022201,1.0100000000000007,0.15,133.019,1792.0,7.4,-0.009999999999999787,60818.0,315467.0,0.0,3.042079231955782
1999-01-01,-0.5454172854535353,0.004404513853072833,1.0499999999999998,0.27,135.2692,1748.0,10.0,-0.14000000000000012,57160.0,324278.0,-0.10000000000000053,3.94984344774457
1999-02-01,1.4511604863225729,0.005638113234675002,0.9899999999999993,0.44,130.8113,1670.0,10.0,-0.14000000000000012,58576.0,324617.0,0.10000000000000053,-0.220376265676407
1999-03-01,1.3495272727271586,0.0019164913570663966,0.9100000000000001,0.66,153.9354,1710.0,10.0,-0.14000000000000012,59657.0,322604.0,-0.20000000000000018,2.5494930345897586
1999-04-01,0.0,0.002219738229441548,0.8400000000000007,0.77,160.9771,1553.0,5.4,0.08999999999999986,58929.0,321414.0,0.09999999999999964,3.6798217647070715
1999-05-01,0.0,0.0062150614669580495,0.79,0.91,152.2197,1611.0,5.4,0.08999999999999986,59814.0,325581.0,-0.09999999999999964,-0.17638039361862923
1999-06-01,0.0,-0.0007243552957111321,0.7899999999999991,1.18,163.362,1559.0,5.4,0.08999999999999986,59045.0,323793.0,0.09999999999999964,-0.5804431915283175
1999-07-01,0.9469124476359494,0.006015945120375177,0.7599999999999998,1.1,169.1718,1669.0,9.1,-0.08000000000000007,62074.0,330548.0,0.0,3.892927987234927
1999-08-01,0.9469124476359494,0.004277471499349206,0.75,1.07,181.6245,1648.0,9.1,-0.08000000000000007,61732.0,332510.0,-0.09999999999999964,-3.3687650011731307
1999-09-01,-0.6741867778439595,-0.0044761642031448945,0.8099999999999996,1.1,191.063,1635.0,9.1,-0.08000000000000007,63231.0,333492.0,0.0,-0.5569552136706193
1999-10-01,-0.7170611969876539,0.01314583892017529,0.830000000000001,1.09,181.3902,1608.0,10.9,0.0,61451.0,341407.0,-0.10000000000000053,-1.1031436011904674
1999-11-01,-1.0512,0.005197827345666983,0.79,0.8,189.6623,1648.0,10.9,0.0,61849.0,334281.0,0.0,6.066858200799842
1999-12-01,0.9386758293838348,0.007686754337651092,0.6399999999999997,0.92,194.5372,1708.0,10.9,0.0,65451.0,344248.0,-0.09999999999999964,2.713195156741463
2000-01-01,0.9386758293838348,-0.0005465766012950901,0.5499999999999998,1.16,206.3651,1636.0,24.6,-0.029999999999999805,63975.0,350725.0,0.0,-0.21403024846857477
2000-02-01,0.3357550058892547,0.003627680180229298,0.6099999999999994,0.79,216.0089,1737.0,24.6,-0.029999999999999805,58497.0,331991.0,0.09999999999999964,-2.4512222290039034
2000-03-01,0.942132457676329,0.003756762389391932,0.6899999999999995,0.4,206.8815,1604.0,24.6,-0.029999999999999805,63642.0,344182.0,-0.09999999999999964,3.7994317096212598
2000-04-01,0.942132457676329,0.006365080515132515,0.7600000000000007,0.17,203.2085,1626.0,33.9,0.10999999999999988,64414.0,347917.0,-0.20000000000000018,1.2719082690485521
2000-05-01,3.4390521865889845,0.0030173465188223503,0.9100000000000001,0.45,223.2031,1575.0,33.9,0.10999999999999988,63753.0,340085.0,0.20000000000000018,-2.875873711690943
2000-06-01,-1.0607,0.0005153054282767133,0.8100000000000005,0.24,235.7137,1559.0,33.9,0.10999999999999988,68292.0,374700.0,0.0,3.1138624711470158
2000-07-01,-1.0607,-0.002000197021548189,0.6999999999999993,-0.09,213.3268,1463.0,43.9,0.20999999999999996,63581.0,343351.0,0.0,0.7686753359707836
2000-08-01,0.0,-0.0025782155272304763,0.71,-0.45,244.3988,1541.0,43.9,0.20999999999999996,64759.0,340728.0,0.09999999999999964,0.9746833967125923
2000-09-01,-0.7290413793104039,0.004190883108137866,0.7299999999999995,-0.38,237.4833,1507.0,43.9,0.20999999999999996,66733.0,354557.0,-0.19999999999999973,-1.2252239393151285
2000-10-01,-0.7290413793104039,-0.0037641947311986,0.79,-0.55,236.7139,1549.0,59.6,0.040000000000000036,63580.0,339610.0,0.0,-5.052481287175951
2000-11-01,-2.0599256174612286,0.00012687912827580305,0.8299999999999992,-0.64,256.384,1551.0,59.6,0.040000000000000036,62569.0,343578.0,0.0,-0.949964515058511
2000-12-01,-0.41633407922743443,-0.0029554786015393297,0.8099999999999996,-0.7,246.9237,1532.0,59.6,0.040000000000000036,62554.0,343858.0,0.0,-2.9914167313348656
2001-01-01,-0.41633407922743443,-0.00575163793363731,0.7799999999999994,-0.13,226.9736,1600.0,50.9,0.040000000000000036,60808.0,331600.0,0.30000000000000027,0.5640547434488923
2001-02-01,-0.47804674142699566,-0.0067685840525608665,0.7700000000000005,0.09,221.9866,1625.0,50.9,0.040000000000000036,60697.0,335205.0,0.0,-1.884642885442375
2001-03-01,0.10003481385764812,-0.0024524657326331356,0.8599999999999994,0.35,212.7381,1590.0,50.9,0.040000000000000036,58146.0,333486.0,0.09999999999999964,-7.9698740397914065
2001-04-01,0.10003481385764812,-0.003116355997972775,0.8700000000000001,1.17,224.2305,1649.0,40.4,0.22999999999999998,54841.0,321890.0,0.10000000000000053,0.3375359275124197
2001-05-01,-0.6625882386043612,-0.005912904075895953,0.7800000000000002,1.69,217.6236,1605.0,40.4,0.22999999999999998,56599.0,329643.0,-0.10000000000000053,5.50700128728694
2001-06-01,-1.0345,-0.005537176846139857,0.79,1.71,202.6644,1636.0,40.4,0.22999999999999998,55428.0,324044.0,0.20000000000000018,-2.050240917123247
2001-07-01,-1.0345,-0.006157796877117261,0.8399999999999999,1.65,201.72,1670.0,50.9,0.10999999999999988,53436.0,318401.0,0.09999999999999964,-2.2349729992094467
2001-08-01,-1.769834885025272,-0.0010505399104583368,0.8300000000000001,1.53,203.0028,1567.0,50.9,0.10999999999999988,54169.0,321838.0,0.3000000000000007,-1.6272405304523687
2001-09-01,-1.769834885025272,-0.005119495926554918,0.8599999999999994,2.04,181.7182,1562.0,50.9,0.10999999999999988,50735.0,311821.0,0.09999999999999964,-8.935544663581297
2001-10-01,-0.5185117613956557,-0.0032577575562656724,0.8799999999999999,2.37,175.3805,1540.0,45.5,-0.06000000000000005,49736.0,318537.0,0.2999999999999998,2.179331351017595
2001-11-01,0.7287474308301324,-0.00598737540403782,0.8399999999999999,2.74,169.575,1602.0,45.5,-0.06000000000000005,51335.0,310008.0,0.20000000000000018,3.7840395625333656
2001-12-01,0.7287474308301324,-0.0001827348483302016,1.2800000000000011,3.37,169.1572,1568.0,45.5,-0.06000000000000005,51290.0,311731.0,0.20000000000000018,1.0879483359200606
2002-01-01,0.7287474308301324,0.006594414556980066,1.3200000000000003,3.36,166.0257,1698.0,25.0,-0.08999999999999986,47643.0,308617.0,0.0,-0.24032877967471222
2002-02-01,0.4055471316084692,1.9172081840101995e-05,1.38,3.15,176.5311,1829.0,25.0,-0.08999999999999986,50422.0,317481.0,0.0,-2.6169931703342826
2002-03-01,-0.02309284116333625,0.0077825882490922815,1.2999999999999998,3.45,201.2279,1642.0,25.0,-0.08999999999999986,47371.0,315160.0,0.0,3.68912546258224
2002-04-01,-1.0174,0.0048219385334324905,1.2699999999999996,3.46,204.2329,1592.0,21.4,0.010000000000000231,49964.0,319110.0,0.20000000000000018,-2.8026012073863598
2002-05-01,0.9820882712612861,0.004116120022317871,1.3399999999999999,3.4,194.2879,1764.0,21.4,0.010000000000000231,50680.0,321471.0,-0.10000000000000053,-2.125658902254969
2002-06-01,0.9820882712612861,0.008261712966197932,1.3200000000000003,3.2,202.7765,1717.0,21.4,0.010000000000000231,48847.0,316320.0,0.0,-4.309773566506138
2002-07-01,1.9801685174906807,-0.00034870495161032355,1.37,2.94,203.4048,1655.0,20.0,-0.03000000000000025,49531.0,320937.0,0.0,-7.604507411609994
2002-08-01,-0.01725745856353772,-0.0010024637941108416,1.21,2.61,215.2304,1633.0,20.0,-0.03000000000000025,51112.0,326896.0,-0.09999999999999964,0.7844937064430937
2002-09-01,-0.01725745856353772,0.0011907253400893492,1.25,2.21,227.5257,1804.0,20.0,-0.03000000000000025,48089.0,319466.0,0.0,-2.9932320681485223
2002-10-01,-1.0141,-0.0029067112905160064,1.4100000000000001,2.33,217.423,1648.0,22.0,-0.10999999999999988,49106.0,320658.0,0.0,-0.6976598988408611
2002-11-01,-1.3724648109761912,0.005601965818850196,1.3100000000000005,2.8,217.5085,1753.0,22.0,-0.10999999999999988,49620.0,322463.0,0.20000000000000018,3.819767404639201
2002-12-01,-1.3724648109761912,-0.005477492028449604,1.2400000000000002,2.82,235.1541,1788.0,22.0,-0.10999999999999988,48744.0,316933.0,0.09999999999999964,-0.6454469862438401
2003-01-01,-1.3724648109761912,0.008250457316736792,1.1799999999999997,2.86,253.4514,1853.0,8.9,-0.20000000000000018,48896.0,323882.0,-0.20000000000000018,-0.14372653052920015
2003-02-01,-1.3724648109761912,0.001190564774164793,1.1099999999999994,2.71,278.572,1629.0,8.9,-0.20000000000000018,49128.0,330320.0,0.10000000000000053,-3.855656454138888
2003-03-01,-1.3724648109761912,-0.0029838022165387112,1.0600000000000005,2.66,232.2788,1726.0,8.9,-0.20000000000000018,51757.0,330437.0,0.0,0.6387900063268503
2003-04-01,-0.2591677910771735,-0.006316527992457854,1.1099999999999994,2.81,215.6376,1643.0,3.4,-0.11999999999999966,49199.0,321380.0,0.09999999999999964,3.064378284272692
2003-05-01,-0.009788731627647443,-0.0003144140645685578,1.1600000000000001,2.48,235.2415,1751.0,3.4,-0.11999999999999966,50849.0,324549.0,0.09999999999999964,3.2706732977004265
2003-06-01,-0.009788731627647443,0.0013341970484339605,1.2200000000000006,2.39,233.2028,1867.0,3.4,-0.11999999999999966,49941.0,328625.0,0.20000000000000018,3.7061333429245735
2003-07-01,2.4868935834692008,0.005131302266325077,1.13,3.06,233.1563,1897.0,0.0,-0.010000000000000231,49408.0,329530.0,-0.09999999999999964,0.42279847050126307
2003-08-01,-1.3415534197264218,-0.002093137491392838,1.13,3.48,242.459,1833.0,0.0,-0.010000000000000231,50447.0,330322.0,-0.10000000000000053,-0.13946891553474927
2003-09-01,-1.3415534197264218,0.006851851241431062,1.0700000000000003,3.31,232.6344,1939.0,0.0,-0.010000000000000231,51971.0,336048.0,0.0,2.1963272094726562
2003-10-01,-0.608215989159879,0.0011098318882967195,1.0300000000000002,3.35,238.4895,1967.0,-17.9,-0.25,51088.0,342054.0,-0.09999999999999964,1.4763152633888126
2003-11-01,-0.608215989159879,0.006685401342094499,1.0099999999999998,3.35,245.8032,2083.0,-17.9,-0.25,52318.0,339229.0,-0.20000000000000018,0.8258699290539653
2003-12-01,0.1840553168636448,0.0005565752215743736,0.9799999999999995,3.36,260.5434,2057.0,-17.9,-0.25,53325.0,340507.0,-0.09999999999999964,2.3055620877936747
2004-01-01,0.1840553168636448,0.0017575396176918723,0.9000000000000004,3.25,260.088,1911.0,-22.8,-0.16999999999999993,50190.0,339193.0,0.0,3.731001905961463
2004-02-01,0.1840553168636448,0.00588671874577984,0.7699999999999996,3.14,278.6556,1846.0,-22.8,-0.16999999999999993,51210.0,341261.0,-0.10000000000000053,0.816711104543586
2004-03-01,-0.5124017075773861,-0.003962014494808264,0.7800000000000002,2.88,282.1227,1998.0,-22.8,-0.16999999999999993,54995.0,354358.0,0.20000000000000018,-1.2408303407018622
2004-04-01,-0.4692183789240832,0.004153534116236424,0.7299999999999995,3.39,289.5122,2003.0,-20.0,-0.050000000000000044,52065.0,349488.0,-0.20000000000000018,0.7617285908132345
2004-05-01,-0.4692183789240832,0.007210699539868193,0.71,3.68,301.4126,1981.0,-20.0,-0.050000000000000044,52405.0,351373.0,0.0,-2.0384771982828767
2004-06-01,-1.5104185556141059,-0.007775301981939653,0.7700000000000005,3.44,286.3553,1828.0,-20.0,-0.050000000000000044,53213.0,354635.0,0.0,2.2383698781331276
2004-07-01,2.9823891820585855,0.007488097374277025,0.7999999999999998,3.14,307.4776,2002.0,-21.1,-0.050000000000000044,53699.0,356710.0,-0.09999999999999964,-1.8201119559151806
2004-08-01,2.9823891820585855,0.000927855501969832,0.8099999999999996,2.78,295.5954,2024.0,-21.1,-0.050000000000000044,51950.0,355629.0,-0.09999999999999964,-1.0709263029552574
2004-09-01,1.4780340705634478,0.0009344539677533792,0.8099999999999996,2.45,337.7328,1905.0,-21.1,-0.050000000000000044,56227.0,361042.0,0.0,2.1728997003464485
2004-10-01,-0.9201238344682948,0.009175073691202629,0.7400000000000002,2.31,355.2492,2072.0,-23.6,-0.07999999999999985,53948.0,364476.0,0.09999999999999964,0.0939280192057339
2004-11-01,-8.018135078532971,0.0024968038379260538,0.6800000000000006,2.08,342.5017,1782.0,-23.6,-0.07999999999999985,55318.0,373177.0,-0.09999999999999964,3.7659269060407325
2004-12-01,1.719531777661463,0.007422302050024365,0.6800000000000006,2.01,310.4673,2042.0,-23.6,-0.07999999999999985,56631.0,373419.0,0.0,2.2523894867339607
2005-01-01,1.719531777661463,0.003896878423868655,0.6599999999999993,1.85,331.4828,2144.0,-24.1,-0.10000000000000009,57884.0,378937.0,-0.10000000000000053,-1.1947808005593004
2005-02-01,0.3288157171295335,0.007320290814054609,0.6200000000000001,1.59,355.8531,2207.0,-24.1,-0.10000000000000009,57580.0,381880.0,0.10000000000000053,1.4329374614514876
2005-03-01,-0.16745863079840032,-0.001523445569097226,0.6599999999999993,1.7,383.6221,1864.0,-24.1,-0.10000000000000009,56576.0,374642.0,-0.20000000000000018,-0.19646964917343723
2005-04-01,-1.529614403292179,0.0019788461041143623,0.7199999999999998,1.5,353.6854,2061.0,-16.7,0.040000000000000036,58138.0,385450.0,0.0,-2.06701917772169
2005-05-01,-1.529614403292179,0.0010158593819362682,0.8599999999999994,1.24,354.8881,2025.0,-16.7,0.040000000000000036,57105.0,395916.0,-0.10000000000000053,1.1247776576450974
2005-06-01,7.964372750643986,0.00403043660312985,0.9000000000000004,0.96,379.7879,2068.0,-16.7,0.040000000000000036,58903.0,400506.0,-0.09999999999999964,1.8743908869755757
2005-07-01,0.07189340384395185,-0.0031894240547285513,0.8900000000000006,0.89,401.999,2054.0,-8.8,0.050000000000000044,57606.0,386590.0,0.0,1.5820275046608572
2005-08-01,1.3537800407331988,0.0035355643146044446,0.8700000000000001,0.74,465.1507,2095.0,-8.8,0.050000000000000044,60352.0,401287.0,-0.09999999999999964,0.2554280488387377
2005-09-01,-5.030667871486211,-0.019269789373377533,0.9000000000000004,0.71,469.5595,2151.0,-8.8,0.050000000000000044,58344.0,404154.0,0.09999999999999964,0.23162555892028536
2005-10-01,-5.030667871486211,0.011888931933116131,0.9500000000000002,0.67,422.8763,2065.0,-10.7,-0.08000000000000007,59751.0,409487.0,0.0,-2.4107720511300244
2005-11-01,-0.5347514170040655,0.010648303835189887,0.9699999999999998,0.57,415.9086,2147.0,-10.7,-0.08000000000000007,60459.0,421486.0,0.0,3.522984095982153
2005-12-01,-0.7790504790721283,0.005499950856731051,0.9500000000000002,0.5,431.7214,1994.0,-10.7,-0.08000000000000007,61271.0,422981.0,-0.09999999999999964,1.882288978213353
2006-01-01,-0.7790504790721283,0.0012676813548000432,0.9500000000000002,0.08,453.9183,2273.0,-12.3,-0.07000000000000006,62469.0,415824.0,-0.20000000000000018,1.3400823320661175
2006-02-01,1.6995640161049639,5.9998800024052557e-05,0.9199999999999999,0.03,415.8627,2119.0,-12.3,-0.07000000000000006,62592.0,421074.0,0.09999999999999964,-0.03028761211193398
2006-03-01,-0.4637274850386823,0.0025452201112046158,0.8799999999999999,0.09,442.519,1969.0,-12.3,-0.07000000000000006,65096.0,430457.0,-0.09999999999999964,1.451827549006893
2006-04-01,-0.4637274850386823,0.0031716730144080163,0.8399999999999999,0.27,474.7863,1821.0,-8.9,0.1200000000000001,63272.0,418625.0,0.0,0.7196455023654238
2006-05-01,-0.6490753086419639,-4.3476414550602804e-05,0.7999999999999998,0.27,474.5546,1942.0,-8.9,0.1200000000000001,64145.0,423472.0,-0.10000000000000053,-0.8208120428203927
2006-06-01,-0.38519893529896515,0.003125382331023552,0.8900000000000006,0.19,484.6753,1802.0,-8.9,0.1200000000000001,63601.0,427440.0,0.0,-2.4918805902654526
2006-07-01,-0.38519893529896515,-0.0006219193823141511,0.9100000000000001,0.01,498.2476,1737.0,0.0,0.17999999999999994,63922.0,416849.0,0.10000000000000053,0.6549777291037913
2006-08-01,-3.543995635115321,0.004379342654817764,0.9100000000000001,-0.21,465.868,1650.0,0.0,0.17999999999999994,64379.0,418759.0,0.0,2.1577054065206767
2006-09-01,-0.7751861068564515,-0.0016890687527301163,0.9199999999999999,-0.21,428.0533,1720.0,0.0,0.17999999999999994,66981.0,435776.0,-0.20000000000000018,2.4208334881326437
2006-10-01,-0.7751861068564515,-0.0012090937530492285,0.9100000000000001,-0.32,429.2243,1491.0,0.0,0.0,66492.0,415798.0,-0.09999999999999964,3.416686734286216
2006-11-01,-2.050488833746894,-0.000558951226218074,0.8700000000000001,-0.47,463.6554,1570.0,0.0,0.0,66484.0,426451.0,0.09999999999999964,2.070149145085054
2006-12-01,0.7027665155569844,0.010227978105073143,0.8999999999999995,-0.41,433.6465,1649.0,0.0,0.0,65935.0,437894.0,-0.09999999999999964,2.219169980003727
2007-01-01,0.7027665155569844,-0.003916107911415834,0.9399999999999995,-0.35,427.2178,1409.0,-3.8,0.040000000000000036,64155.0,427905.0,0.1999999999999993,0.6975418090820256
2007-02-01,0.6518823004555239,0.00950931303825353,0.8900000000000006,-0.44,448.4914,1480.0,-3.8,0.040000000000000036,63735.0,430410.0,-0.09999999999999964,1.6945544594212691
2007-03-01,-0.10693410698052133,0.002143645049677678,0.9699999999999998,-0.52,468.115,1495.0,-3.8,0.040000000000000036,66936.0,442158.0,-0.09999999999999964,-2.6359386535352485
2007-04-01,-0.10693410698052133,0.007166493278442987,0.9199999999999999,-0.32,474.4641,1490.0,7.5,0.33000000000000007,66118.0,446596.0,0.09999999999999964,4.365057060935271
2007-05-01,-0.7294564233159855,0.0006398053262073322,0.9199999999999999,-0.12,470.648,1415.0,7.5,0.33000000000000007,64975.0,445891.0,-0.09999999999999964,3.68093917153098
2007-06-01,6.161881072042343,0.0002710804323142746,0.9100000000000001,0.36,489.152,1448.0,7.5,0.33000000000000007,64874.0,446539.0,0.1999999999999993,0.4057467902377567
2007-07-01,6.161881072042343,-0.0011930198031467887,0.9199999999999999,0.04,515.941,1354.0,19.2,0.43999999999999995,64902.0,450464.0,0.10000000000000053,0.5411442347935349
2007-08-01,-0.2620796799843639,0.0023888895988926073,0.8600000000000003,0.35,495.304,1330.0,19.2,0.43999999999999995,66265.0,452598.0,-0.10000000000000053,-4.685938169743949
2007-09-01,-0.2620796799843639,0.0023380823997511957,0.8499999999999996,0.53,546.133,1183.0,19.2,0.43999999999999995,65393.0,448633.0,0.10000000000000053,3.3897203493445573
2007-10-01,1.7394715928890363,-0.003082122417988664,0.8200000000000003,0.53,599.31,1264.0,32.1,0.33999999999999986,64974.0,458907.0,0.0,3.301234107814068
2007-11-01,-0.436339361227117,0.005735749205249441,0.96,0.8,577.987,1197.0,32.1,0.33999999999999986,65466.0,464910.0,0.0,-5.5498513326388235
2007-12-01,-0.436339361227117,-9.368440262036426e-05,1.1600000000000001,1.03,610.169,1037.0,32.1,0.33999999999999986,68096.0,481274.0,0.2999999999999998,1.3947991144089542
2008-01-01,-0.436339361227117,-0.001437604733847908,1.21,0.92,608.378,1084.0,55.4,0.29000000000000004,68408.0,478676.0,0.0,-7.4618658519926555
2008-02-01,-0.31414270754501067,-0.0036788421616423816,1.29,1.57,679.778,1103.0,55.4,0.29000000000000004,66568.0,473714.0,-0.09999999999999964,-1.5038224719819624
2008-03-01,-0.31414270754501067,-0.003413826389270347,1.38,2.23,668.913,1005.0,55.4,0.29000000000000004,66526.0,473829.0,0.1999999999999993,-2.685439300537112
2008-04-01,0.3742903108793887,-0.006699451916716503,1.42,2.37,721.067,1013.0,57.7,0.5,69373.0,477888.0,-0.09999999999999964,4.195631061900755
2008-05-01,-0.49731111190683663,-0.005970678764599779,1.3599999999999994,2.12,786.583,973.0,57.7,0.5,68443.0,477706.0,0.40000000000000036,2.635417558414076
2008-06-01,-0.49731111190683663,-0.002213198839964736,1.3900000000000006,2.21,862.809,1046.0,57.7,0.5,67754.0,485010.0,0.1999999999999993,-4.547061011904759
2008-07-01,-1.7764511705554518,-0.004724969600930495,1.4900000000000002,2.35,760.199,923.0,83.6,1.2100000000000004,67856.0,477725.0,0.20000000000000018,-6.230532047552472
2008-08-01,6.295430706221146,-0.015583401263296381,1.5100000000000007,2.14,708.156,844.0,83.6,1.2100000000000004,66142.0,463929.0,0.2999999999999998,2.081150319153096
2008-09-01,6.295430706221146,-0.04298384358164031,1.6599999999999993,2.54,622.237,820.0,83.6,1.2100000000000004,63854.0,452545.0,0.0,-4.697947184244782
2008-10-01,-0.46070468144124915,0.009148053547814339,2.6000000000000005,3.12,449.461,777.0,64.2,0.8199999999999994,59330.0,419715.0,0.40000000000000036,-18.94820731026786
2008-11-01,-0.46070468144124915,-0.012986834713780704,3.0900000000000007,3.34,390.646,652.0,64.2,0.8199999999999994,60759.0,386733.0,0.2999999999999998,-6.276069841886823
2008-12-01,0.02437339916416279,-0.028336312781028106,3.38,2.39,349.038,560.0,64.2,0.8199999999999994,55512.0,365490.0,0.5,-0.22846479279002097
2009-01-01,0.02437339916416279,-0.024684833470960732,3.0900000000000007,2.39,336.205,490.0,39.6,0.4300000000000006,49530.0,343559.0,0.5,-0.7801604184237476
2009-02-01,0.02437339916416279,-0.006503505187225533,2.8100000000000005,2.57,336.24,582.0,39.6,0.4300000000000006,50163.0,343150.0,0.5000000000000009,-4.516033393458308
2009-03-01,0.02437339916416279,-0.015935114178547316,2.92,2.6,358.526,505.0,39.6,0.4300000000000006,49254.0,333431.0,0.3999999999999986,-3.5076880934135772
2009-04-01,0.15568656573266432,-0.007665883412524721,3.000000000000001,2.77,365.848,478.0,31.5,0.7299999999999995,47096.0,334449.0,0.3000000000000007,7.191569819594868
2009-05-01,1.9722529648789222,-0.010205886391298158,2.5200000000000005,3.11,443.053,540.0,31.5,0.7299999999999995,48652.0,339817.0,0.40000000000000036,4.36369539896647
2009-06-01,-1.186287521406641,-0.0032846050303597663,1.8899999999999997,3.54,450.217,585.0,31.5,0.7299999999999995,50533.0,345129.0,0.09999999999999964,1.9947940132834816
2009-07-01,-0.7225223751034736,0.011358261749549792,1.6799999999999997,3.38,457.407,594.0,14.0,0.6100000000000003,50984.0,348909.0,0.0,0.8161728598854694
2009-08-01,-0.7225223751034736,0.011222536972095742,1.3200000000000003,3.42,453.787,586.0,14.0,0.6100000000000003,49900.0,355776.0,0.09999999999999964,6.010972159249448
2009-09-01,0.5387776395555829,0.008047570390292247,1.1799999999999997,3.28,462.748,585.0,14.0,0.6100000000000003,53034.0,359189.0,0.20000000000000107,2.847809201195119
2009-10-01,-3.489034880262278,0.0028864899001455058,1.1399999999999997,3.32,496.808,534.0,-5.5,0.009999999999999787,51978.0,366143.0,0.1999999999999993,1.9151582924318546
2009-11-01,-3.489034880262278,0.003953935397760677,1.13,3.35,512.574,588.0,-5.5,0.009999999999999787,52771.0,369445.0,-0.09999999999999964,1.7681406541304199
2009-12-01,-0.9280784756747508,0.003133873674665555,1.1100000000000003,3.54,524.621,581.0,-5.5,0.009999999999999787,54616.0,371392.0,0.0,1.9190309351140797
2010-01-01,-0.9280784756747508,0.011242395100241387,0.9900000000000002,3.67,486.145,614.0,-7.1,-0.5099999999999998,52331.0,393694.0,-0.09999999999999964,1.173794522810212
2010-02-01,15.47607519794213,0.0032528922065004906,0.9900000000000002,3.58,517.484,604.0,-7.1,-0.5099999999999998,53488.0,394215.0,0.0,-2.5731285496761984
2010-03-01,-0.578617783787088,0.007422558862410167,1.0,3.58,530.159,636.0,-7.1,-0.5099999999999998,56487.0,400659.0,0.09999999999999964,5.139548574486909
2010-04-01,-2.2609787625009194,0.003760406784469872,0.96,3.69,549.941,687.0,-8.8,-0.14000000000000057,52283.0,400842.0,0.0,3.704999050985464
2010-05-01,-2.2609787625009194,0.01386568678652389,1.0899999999999999,3.26,488.193,583.0,-8.8,-0.14000000000000057,57262.0,404370.0,-0.3000000000000007,-5.60160567874
2010-06-01,-1.2178734843718568,0.0019853046075837266,1.3500000000000005,3.08,495.177,536.0,-8.8,-0.14000000000000057,59605.0,400624.0,-0.1999999999999993,-3.1244112534956514
2010-07-01,-0.579954825931818,0.00423554729531439,1.29,2.85,524.809,546.0,-10.5,-0.33999999999999986,56474.0,402326.0,0.0,-0.19663045313451732
2010-08-01,-0.579954825931818,0.0034102949564216445,1.17,2.54,499.162,599.0,-10.5,-0.33999999999999986,58224.0,408354.0,0.09999999999999964,0.7653605473505962
2010-09-01,1.1388870845766197,0.0023017566264489364,1.13,2.5,546.064,594.0,-10.5,-0.33999999999999986,60134.0,422049.0,0.0,2.952779101086904
2010-10-01,-0.6634853523062391,-0.0022996991128348965,1.04,2.41,564.16,543.0,-10.5,-0.2400000000000002,57479.0,417830.0,-0.09999999999999964,4.064723060244603
2010-11-01,3.083638080950492,0.00045301823398391505,1.0499999999999998,2.62,575.84,545.0,-10.5,-0.2400000000000002,60405.0,426427.0,0.40000000000000036,2.3399545578729573
2010-12-01,0.03379852003205236,0.009656778450408687,1.08,3.15,631.83,539.0,-10.5,-0.2400000000000002,61939.0,429764.0,-0.5,3.6381716377291298
2011-01-01,0.03379852003205236,-0.0018409126826496314,1.0499999999999998,3.24,655.26,630.0,-16.4,-0.4499999999999993,60963.0,445734.0,-0.20000000000000107,3.424375083229762
2011-02-01,0.9759575835863755,-0.004440674049603688,0.9300000000000006,3.45,690.85,517.0,-16.4,-0.4499999999999993,59078.0,438975.0,-0.09999999999999964,3.2499777542917343
2011-03-01,-0.34031829885892,0.010344749773537387,0.9000000000000004,3.31,725.62,600.0,-16.4,-0.4499999999999993,62497.0,463133.0,0.0,-1.1395624365904808
2011-04-01,-1.22816249230056,-0.0034384691633235764,0.8599999999999994,3.4,758.79,554.0,-21.8,-0.15000000000000036,61562.0,454441.0,0.09999999999999964,2.3251449087391762
2011-05-01,-1.22816249230056,0.0015784233055962105,0.8200000000000003,3.13,707.26,561.0,-21.8,-0.15000000000000036,63711.0,458536.0,-0.09999999999999964,0.7132047562372179
2011-06-01,-1.827532326658484,0.002508284584811671,0.7599999999999998,2.96,668.85,608.0,-21.8,-0.15000000000000036,63751.0,454746.0,0.09999999999999964,-3.9105514262145817
2011-07-01,2.1112424110979937,0.005353703695830436,0.8300000000000001,2.96,686.08,623.0,-5.9,-0.1200000000000001,64756.0,459477.0,-0.09999999999999964,3.2352536981756117
2011-08-01,-0.4495515279262251,0.006051501193067743,0.9900000000000002,2.28,674.69,585.0,-5.9,-0.1200000000000001,64464.0,468947.0,0.0,-11.228252477231237
2011-09-01,-0.5911367805498928,-0.0007881421388076237,1.1799999999999997,1.97,591.0,650.0,-5.9,-0.1200000000000001,65581.0,457843.0,0.0,-0.7150040462643972
2011-10-01,-0.5911367805498928,0.006359539572279749,1.3900000000000001,2.13,647.96,610.0,5.4,-0.21999999999999975,67427.0,463126.0,-0.1999999999999993,2.8766955421084504
2011-11-01,1.9238324849630277,0.0004232408334394755,1.2699999999999996,2.0,658.02,711.0,5.4,-0.21999999999999975,64660.0,471598.0,-0.20000000000000107,1.7554931640625
2011-12-01,3.227317587322146e-05,0.004951389679590745,1.3199999999999998,1.97,644.91,694.0,5.4,-0.21999999999999975,68881.0,478391.0,-0.09999999999999964,1.576836722237715
2012-01-01,3.227317587322146e-05,0.005950852713016985,1.3800000000000003,1.94,660.68,723.0,-6.9,-0.3100000000000005,67525.0,479475.0,-0.1999999999999993,4.9029902503604035
2012-02-01,0.7240703712356825,0.0028291787735128526,1.2899999999999996,1.88,703.5,704.0,-6.9,-0.3100000000000005,70075.0,488327.0,0.0,4.445797348022467
2012-03-01,-1.3893369102440394,-0.004941731666855631,1.2400000000000002,2.09,688.71,695.0,-6.9,-0.3100000000000005,69719.0,478078.0,-0.10000000000000142,3.243543416803533
2012-04-01,-1.3893369102440394,0.007688611742192819,1.2300000000000004,1.97,684.88,753.0,-9.5,0.0,67645.0,473878.0,0.0,-0.07993486577814224
2012-05-01,0.24891454503265745,0.0015722317161268595,1.2700000000000005,1.71,596.2,708.0,-9.5,0.0,69182.0,474026.0,0.0,-3.536308670043951
2012-06-01,-4.4156560672720895,-9.439101889963109e-05,1.3799999999999994,1.53,599.44,757.0,-9.5,0.0,66971.0,461750.0,0.0,-1.2546875363304508
2012-07-01,-4.4156560672720895,0.002266624391915606,1.4700000000000002,1.43,635.82,740.0,-7.6,-0.2999999999999998,65070.0,473561.0,0.0,3.1707872663225487
2012-08-01,-1.088059712991742,-0.004037731908524522,1.4300000000000002,1.58,675.03,754.0,-7.6,-0.2999999999999998,63645.0,459040.0,-0.09999999999999964,3.8826346861402925
2012-09-01,-1.088059712991742,-0.0005622701322516299,1.3499999999999996,1.61,665.73,847.0,-7.6,-0.2999999999999998,63932.0,475687.0,-0.2999999999999998,3.553107761409237
2012-10-01,11.181615864472331,0.0031358795427314234,1.1099999999999999,1.65,637.74,915.0,-7.4,-0.2699999999999996,66051.0,479287.0,0.0,-0.31042964237374804
2012-11-01,1.7688241089095786,0.004606579832346247,1.0099999999999998,1.56,650.05,833.0,-7.4,-0.2699999999999996,66204.0,473577.0,-0.09999999999999964,-3.388836088634676
2012-12-01,1.7688241089095786,0.0023320205299453,0.98,1.65,646.58,976.0,-7.4,-0.2699999999999996,66840.0,490421.0,0.20000000000000018,2.6144447326660156
2013-01-01,1.7688241089095786,-0.0004663371760331714,0.9300000000000006,1.84,675.37,888.0,-19.1,-0.39000000000000057,69879.0,484201.0,0.09999999999999964,5.041965121314632
2013-02-01,-0.6818693336108906,0.004883544675163831,0.9499999999999997,1.88,648.21,962.0,-19.1,-0.39000000000000057,66361.0,498821.0,-0.2999999999999998,2.9002966247405624
2013-03-01,-1.39844240335654,0.004195819791618316,0.9199999999999995,1.87,655.05,1010.0,-19.1,-0.39000000000000057,66318.0,474885.0,-0.20000000000000018,3.512111422890129
2013-04-01,-2.713124209426463,-0.0006763598113057601,0.8599999999999999,1.7,624.44,835.0,-18.1,-0.2999999999999998,67762.0,482654.0,0.09999999999999964,1.8181207136674118
2013-05-01,-0.8362143910930809,0.0008071302227334876,0.8400000000000003,1.89,615.46,930.0,-18.1,-0.2999999999999998,69035.0,492752.0,-0.09999999999999964,6.092677029696404
2013-06-01,-0.8362143910930809,0.0013515341274985548,0.9200000000000008,2.25,611.3,839.0,-18.1,-0.2999999999999998,69343.0,502482.0,0.0,-1.5047842545942842
2013-07-01,2.0527448945285243,-0.0028838836164969406,0.9800000000000004,2.54,638.64,880.0,-8.3,-0.17999999999999972,66316.0,483308.0,-0.20000000000000018,4.427545651522536
2013-08-01,-3.2145364814463537,0.005855212878233429,0.8799999999999999,2.7,657.05,917.0,-8.3,-0.17999999999999972,65933.0,482827.0,-0.09999999999999964,0.37885631214487603
2013-09-01,-3.2145364814463537,0.0056000225126533465,0.8300000000000001,2.79,632.4,850.0,-8.3,-0.17999999999999972,66371.0,498211.0,0.0,1.7371458573774987
2013-10-01,-0.20731279969011346,-0.0013992052514172348,0.7799999999999994,2.57,622.52,925.0,-13.7,-0.25,65016.0,494189.0,0.0,2.978661578634501
2013-11-01,-0.48848511424151536,0.002596160005124304,0.75,2.65,620.12,1100.0,-13.7,-0.25,68053.0,503692.0,-0.2999999999999998,5.689059216043233
2013-12-01,-0.48848511424151536,0.0018926651240513959,0.7599999999999998,2.83,632.29,1002.0,-13.7,-0.25,67775.0,499738.0,-0.20000000000000018,2.35510272071474
2014-01-01,-0.48848511424151536,-0.0032660527789346583,0.7000000000000002,2.82,622.26,888.0,-11.1,-0.30000000000000027,68237.0,488511.0,-0.10000000000000053,1.4440213158017343
2014-02-01,-0.48848511424151536,0.007535136648073815,0.6499999999999995,2.66,649.6444,944.0,-11.1,-0.30000000000000027,67386.0,494965.0,0.10000000000000053,-0.1803482170391817
2014-03-01,-0.48848511424151536,0.009786510410569216,0.6799999999999997,2.67,648.857,970.0,-11.1,-0.30000000000000027,68683.0,496803.0,0.0,4.282511622684638
2014-04-01,0.059108545487327434,0.000545303414680065,0.6600000000000001,2.68,652.5111,1043.0,-10.7,-0.1499999999999999,66486.0,499122.0,-0.5,0.2591567266555046
2014-05-01,-1.2097420859456578,0.003916188845146662,0.5999999999999996,2.53,649.6324,1007.0,-10.7,-0.1499999999999999,65819.0,490538.0,0.09999999999999964,2.472398303803942
2014-06-01,-1.2097420859456578,0.0033228180862250323,0.5499999999999998,2.56,658.5723,911.0,-10.7,-0.1499999999999999,69618.0,501906.0,-0.20000000000000018,5.226855323428197
2014-07-01,3.2809404066366135,0.0026878627932325205,0.5700000000000003,2.51,621.7026,1085.0,-10.5,-0.1299999999999999,67842.0,563264.0,0.10000000000000053,2.4853259660464744
2014-08-01,-4.338469845092123,-0.0019329514749449883,0.6100000000000003,2.39,610.9172,984.0,-10.5,-0.1299999999999999,68514.0,494523.0,-0.10000000000000053,-0.7138575764445534
2014-09-01,-4.338469845092123,0.0032801066935803647,0.6899999999999995,2.51,574.2939,1023.0,-10.5,-0.1299999999999999,69207.0,497329.0,-0.1999999999999993,3.0578460693359375
2014-10-01,0.04983187938115071,5.1463405634555315e-05,0.7700000000000005,2.28,539.5923,1074.0,-5.5,-0.2400000000000002,65557.0,484439.0,-0.20000000000000018,-4.644576836817009
2014-11-01,0.04983187938115071,0.006561732033156131,0.8700000000000001,2.31,482.1124,1001.0,-5.5,-0.2400000000000002,63687.0,479828.0,0.09999999999999964,9.62653830940718
2014-12-01,-0.6587394587950344,-0.0005112528685626838,0.9500000000000002,2.18,418.1225,1073.0,-5.5,-0.2400000000000002,66300.0,465231.0,-0.20000000000000018,1.1799350720273196
2015-01-01,-0.6587394587950344,-0.007392830498610725,0.9900000000000002,1.85,389.6819,1085.0,-5.3,-0.16999999999999993,64791.0,451813.0,0.10000000000000053,-2.028219743208439
2015-02-01,-0.6587394587950344,-0.006015679464529522,0.8999999999999999,1.96,421.2419,886.0,-5.3,-0.16999999999999993,64232.0,451403.0,-0.20000000000000018,5.004183719032682
2015-03-01,-0.6587394587950344,-0.003274015643280115,0.8999999999999999,2.01,396.6492,960.0,-5.3,-0.16999999999999993,64712.0,461086.0,-0.09999999999999964,0.16118132668819385
2015-04-01,1.5073027679745914,-0.005972844461673565,0.9600000000000004,1.92,445.5848,1190.0,-7.0,-0.06999999999999984,64365.0,460208.0,0.0,1.544965372457142
2015-05-01,-0.31298976883769314,-0.004394491237181053,0.9099999999999997,2.18,439.0937,1079.0,-7.0,-0.06999999999999984,62596.0,447136.0,0.1999999999999993,1.79838235037667
2015-06-01,-0.9809593640860683,-0.0033171097412952877,0.9399999999999995,2.34,440.6926,1205.0,-7.0,-0.06999999999999984,63739.0,469819.0,-0.2999999999999998,-0.7435975508256263
2015-07-01,0.09888989267022749,0.006733906232743614,1.0499999999999998,2.29,378.3843,1146.0,7.4,-0.029999999999999805,63551.0,460361.0,-0.09999999999999964,-0.181671142578125
2015-08-01,0.09888989267022749,-0.002684242724328434,1.1500000000000004,2.1,380.848,1130.0,7.4,-0.029999999999999805,63525.0,452229.0,-0.10000000000000053,-4.424655666599051
2015-09-01,-0.7109406127456039,-0.0034039727880370574,1.2699999999999996,2.15,359.3369,1224.0,7.4,-0.029999999999999805,63188.0,444225.0,-0.09999999999999964,-8.138150169735837
2015-10-01,0.6168549450427616,-0.004068888712115193,1.3899999999999997,2.05,363.4441,1058.0,8.2,-0.050000000000000266,62996.0,447495.0,0.0,7.390334356398796
2015-11-01,0.6168549450427616,-0.007477126323398475,1.4000000000000004,2.13,336.1496,1172.0,8.2,-0.050000000000000266,61848.0,449790.0,0.09999999999999964,5.314576721191401
2015-12-01,-0.5056018489118784,-0.005804250884469231,1.4899999999999998,2.01,311.6524,1146.0,8.2,-0.050000000000000266,60613.0,438803.0,-0.09999999999999964,-2.026535172895933
2016-01-01,-0.5056018489118784,0.006544379452591231,1.4500000000000002,1.83,300.6679,1092.0,11.6,-0.10000000000000009,61637.0,438074.0,-0.20000000000000018,-11.811270243813567
2016-02-01,4.22829143575338,-0.005241270329524483,1.38,1.47,303.6298,1225.0,11.6,-0.10000000000000009,61150.0,431978.0,0.10000000000000053,-0.9541219209369842
2016-03-01,0.0987375804048469,-0.007709307859977255,1.31,1.59,323.4185,1111.0,11.6,-0.10000000000000009,60583.0,433387.0,0.09999999999999964,10.852542044899678
2016-04-01,-0.19120172153925352,0.0027689688111662836,1.17,1.58,360.407,1163.0,8.5,-0.040000000000000036,60924.0,442914.0,0.09999999999999964,5.06249821650519
2016-05-01,-0.19120172153925352,-0.001811768983205564,1.0299999999999998,1.53,370.9456,1148.0,8.5,-0.040000000000000036,59566.0,440226.0,-0.2999999999999998,-0.5900094168526948
2016-06-01,-1.4953784415420308,0.00438706710523773,1.0300000000000002,1.37,374.0323,1203.0,8.5,-0.040000000000000036,59608.0,436158.0,0.10000000000000053,2.0236375486695977
2016-07-01,-1.5704850967746453,0.0018142202043960332,0.94,1.2,339.3952,1239.0,1.5,0.020000000000000018,59809.0,433597.0,-0.10000000000000053,6.1191523465243165
2016-08-01,1.6142055063975616,-0.0017624005047562896,0.9200000000000004,1.26,348.2078,1171.0,1.5,0.020000000000000018,61691.0,443918.0,0.10000000000000053,2.938224228568714
2016-09-01,-2.25111397434871,-0.0012043567529570476,0.8999999999999995,1.34,364.4711,1068.0,1.5,0.020000000000000018,59308.0,434829.0,0.09999999999999964,-1.4278456725442368
2016-10-01,-2.25111397434871,0.0006520901365028031,0.8700000000000001,1.43,361.623,1313.0,1.4,-0.11999999999999988,59351.0,461469.0,-0.09999999999999964,-1.0239243280319954
2016-11-01,-1.2151337043710353,-0.004474497391818932,0.8500000000000001,1.69,377.2212,1140.0,1.4,-0.11999999999999988,59244.0,442198.0,-0.20000000000000018,2.348842075892861
2016-12-01,-0.465146828118425,0.006790269248936998,0.7700000000000005,1.98,398.2039,1252.0,1.4,-0.11999999999999988,59539.0,445811.0,0.0,7.798748198009662
2017-01-01,-0.465146828118425,-0.0015288819140952814,0.7400000000000002,1.91,395.8302,1193.0,-2.8,-0.1499999999999999,60419.0,447001.0,0.0,2.8502732776460107
2017-02-01,-0.747850494207088,-0.003817930296947991,0.6899999999999995,1.89,402.2199,1281.0,-2.8,-0.1499999999999999,60740.0,445123.0,-0.10000000000000053,5.300023691277772
2017-03-01,-0.719981416156095,0.0075116196796505275,0.6699999999999999,1.73,388.2245,1190.0,-2.8,-0.1499999999999999,61013.0,450248.0,-0.1999999999999993,3.7963653494618654
2017-04-01,-0.719981416156095,0.009381826620857403,0.7000000000000002,1.49,382.7658,1145.0,-3.9,0.020000000000000018,61308.0,451986.0,0.0,-0.4074396967069447
2017-05-01,0.05169384592295928,0.0011065983048155204,0.6999999999999997,1.4,377.8538,1160.0,-3.9,0.020000000000000018,61404.0,448086.0,0.0,3.628322911604755
2017-06-01,-5.350872558804452,0.0015696925519486093,0.69,1.19,372.3775,1247.0,-3.9,0.020000000000000018,60378.0,466961.0,-0.10000000000000053,3.9746697165749083
2017-07-01,-5.350872558804452,-0.0009471188644144535,0.6899999999999995,1.23,388.0653,1202.0,-8.5,0.010000000000000009,61535.0,450373.0,0.0,2.1770796342329675
2017-08-01,0.7582385183905178,-0.0050264845942288305,0.6799999999999997,1.18,386.0041,1159.0,-8.5,0.010000000000000009,61552.0,453992.0,0.10000000000000053,0.5410862798276241
2017-09-01,-1.0500858631473682,0.0004312700904163247,0.6699999999999999,1.15,399.3082,1175.0,-8.5,0.010000000000000009,64088.0,466658.0,-0.10000000000000053,3.782926476520032
2017-10-01,-1.0500858631473682,0.012426252023839846,0.7200000000000002,1.27,415.1419,1248.0,-10.0,-0.09000000000000008,63703.0,466004.0,-0.09999999999999964,6.223625876686782
2017-11-01,-25.178578834447837,0.002822117479304387,0.6999999999999997,1.1,424.2574,1278.0,-10.0,-0.09000000000000008,63645.0,478454.0,0.0,3.7343732165051904
2017-12-01,-0.1822024487239477,0.0009538573953571383,0.71,1.06,442.4357,1182.0,-10.0,-0.09000000000000008,63795.0,477642.0,-0.10000000000000053,7.017010062081454
2018-01-01,-0.1822024487239477,-0.00013317602121354355,0.71,1.15,456.533,1309.0,-11.3,-0.1399999999999999,63324.0,469659.0,-0.09999999999999964,11.916108485630616
2018-02-01,-0.5173714461888642,0.002894744371576996,0.69,1.27,443.3807,1289.0,-11.3,-0.1399999999999999,64087.0,474929.0,0.09999999999999964,-7.504283245344823
2018-03-01,0.028044308881076667,0.00637976576372723,0.7699999999999996,1.11,452.9353,1327.0,-11.3,-0.1399999999999999,63553.0,483526.0,-0.09999999999999964,0.2341125794221739
2018-04-01,0.028044308881076667,0.010865315059922942,0.8199999999999998,1.08,475.7616,1285.0,-15.9,-0.010000000000000009,64909.0,484494.0,0.0,-4.245974586123509
2018-05-01,-0.6355570234942817,-0.008400582151543046,0.8300000000000001,1.08,481.4273,1354.0,-15.9,-0.010000000000000009,66231.0,489859.0,-0.20000000000000018,4.863172919203208
2018-06-01,7.214838575329807,0.007447767132692462,0.8700000000000001,0.97,487.4372,1199.0,-15.9,-0.010000000000000009,67247.0,491414.0,0.20000000000000018,5.384796935242463
2018-07-01,7.214838575329807,0.002351301250187454,0.9199999999999999,0.9,464.8324,1193.0,-15.9,-0.030000000000000027,68749.0,483690.0,-0.20000000000000018,4.004432314918176
2018-08-01,0.4985175368853934,0.0059731098994277865,0.8899999999999997,0.82,468.6881,1288.0,-15.9,-0.030000000000000027,66798.0,499107.0,0.0,6.397777233558145
2018-09-01,0.4985175368853934,-0.00033024243058421554,0.8999999999999999,0.83,486.2794,1238.0,-15.9,-0.030000000000000027,66399.0,496571.0,-0.09999999999999964,4.562889814922414
2018-10-01,-2.918453790495344,-0.0013838271800560298,0.9300000000000006,0.86,456.3168,1208.0,2.8,-0.010000000000000009,67104.0,490790.0,0.09999999999999964,-10.62226574371823
2018-11-01,1.1935673101170348,-0.0007183562623932493,1.0,0.75,406.5197,1183.0,2.8,-0.010000000000000009,64292.0,473094.0,0.0,-5.43441469180658
2018-12-01,1.1935673101170348,-0.00043979224868562206,1.1100000000000003,0.42,374.3282,1095.0,2.8,-0.010000000000000009,64894.0,481244.0,0.10000000000000009,-14.13894366500972
2019-01-01,1.1935673101170348,-0.005436760472527391,1.19,0.29,407.8907,1244.0,-4.2,-0.10000000000000009,65841.0,490759.0,0.10000000000000009,4.165193868460221
2019-02-01,0.31068420555281256,-0.005559411552308213,1.1600000000000001,0.24,426.3466,1142.0,-4.2,-0.10000000000000009,65221.0,483586.0,-0.20000000000000018,14.341242931241652
2019-03-01,-0.08519598337999286,0.0013190172104977638,1.0699999999999998,0.12,434.1253,1203.0,-4.2,-0.10000000000000009,66457.0,494863.0,0.0,5.160131812991949
2019-04-01,-0.621768283106539,-0.005922411739829991,1.0100000000000002,0.1,446.4518,1282.0,-2.8,0.010000000000000009,65737.0,492222.0,-0.19999999999999973,9.820744105747792
2019-05-01,7.368885921126288,0.001932437071106019,0.96,0.0,407.7638,1303.0,-2.8,0.010000000000000009,65271.0,478025.0,0.0,-4.248218883167624
2019-06-01,7.368885921126288,-0.0006627500319661417,1.04,-0.15,425.3581,1237.0,-2.8,0.010000000000000009,66139.0,480142.0,0.0,3.910387767444945
2019-07-01,-1.0506231635396241,-0.0031958118456009155,0.9900000000000002,-0.08,422.4391,1224.0,5.4,0.010000000000000009,65823.0,486699.0,0.10000000000000009,10.47879597056999
2019-08-01,1.9003118193980264,0.00618675090733789,0.8900000000000001,-0.36,397.0581,1371.0,5.4,0.010000000000000009,65593.0,481697.0,0.0,-8.957803899591624
2019-09-01,1.9003118193980264,-0.0036411194275485226,0.8800000000000003,-0.23,403.6126,1285.0,5.4,0.010000000000000009,65187.0,481257.0,-0.20000000000000018,8.59226323908024
2019-10-01,-1.2494574537286063,-0.008305779348536824,0.9100000000000001,0.03,407.5104,1318.0,0.0,0.050000000000000044,65642.0,486286.0,0.10000000000000009,-0.08426871921705015
2019-11-01,2.071506302435199,0.005155497735661152,0.8799999999999999,0.24,409.1913,1350.0,0.0,0.050000000000000044,65189.0,470340.0,0.0,12.653029400369405
2019-12-01,2.071506302435199,-0.003624950484176437,0.8700000000000001,0.29,436.2189,1547.0,0.0,0.050000000000000044,65045.0,478052.0,0.0,7.429422651018399
2020-01-01,2.071506302435199,-0.005177237474893737,0.8300000000000001,0.21,388.8018,1589.0,41.5,-0.020000000000000018,65765.0,464438.0,-0.10000000000000009,10.152932303292403
2020-02-01,2.071506302435199,0.0023038466027907045,0.8300000000000001,-0.04,358.4439,1589.0,41.5,-0.020000000000000018,64885.0,462877.0,0.0,0.38425921676753205
2020-03-01,2.071506302435199,-0.03826312833889478,1.27,0.57,255.5416,1277.0,41.5,-0.020000000000000018,64103.0,402748.0,0.9000000000000004,-59.92770148464365
2020-04-01,-1.0041163729955984,-0.13592829794854056,1.6999999999999997,0.52,257.0446,938.0,71.2,0.08000000000000007,59872.0,361862.0,10.299999999999999,11.307673631808427
2020-05-01,279.59312795273286,0.01949602027510089,1.4500000000000002,0.54,307.0756,1046.0,71.2,0.08000000000000007,61297.0,380125.0,-1.5,15.779904465448283
2020-06-01,-0.07702132261779952,0.06195933525466124,1.2000000000000002,0.57,325.483,1273.0,71.2,0.08000000000000007,64300.0,413666.0,-2.1999999999999993,18.44971646395595
2020-07-01,-0.559508291618938,0.0408776883401234,1.17,0.49,339.821,1497.0,37.7,0.05999999999999983,66189.0,438265.0,-0.8000000000000007,10.449694546786247
2020-08-01,-0.559508291618938,0.010577655716644818,1.02,0.55,358.2109,1376.0,37.7,0.05999999999999983,67791.0,444422.0,-1.799999999999999,18.29841395786832
2020-09-01,-0.702972396322811,-0.003029437160817716,1.0499999999999998,0.57,350.178,1448.0,37.7,0.05999999999999983,68646.0,449061.0,-0.5,-2.095629010881737
2020-10-01,-2.5427219816118787,0.01091505503551704,1.0899999999999999,0.69,340.7799,1514.0,5.5,-0.15999999999999992,69626.0,453094.0,-1.0,5.604208017324481
2020-11-01,-2.5427219816118787,0.005333932085748616,1.0,0.78,385.594,1551.0,5.5,-0.15999999999999992,70563.0,460424.0,-0.20000000000000018,13.166891618208467
2020-12-01,0.2862443897693982,0.01157358567077904,0.9000000000000004,0.84,409.458,1661.0,5.5,-0.15999999999999992,71619.0,468324.0,0.0,14.803581237792969
2021-01-01,0.2862443897693982,0.011417769068447603,0.79,1.0,430.9947,1625.0,-15.1,-0.15999999999999992,72386.0,479160.0,-0.2999999999999998,10.04967619243422
2021-02-01,0.2933943804974574,-0.03028943461063338,0.7199999999999998,1.22,476.9869,1447.0,-15.1,-0.15999999999999992,72150.0,481195.0,-0.20000000000000018,9.15233411287005
2021-03-01,0.16012644779708005,0.028685659037766875,0.7000000000000002,1.58,467.414,1725.0,-15.1,-0.15999999999999992,73318.0,488073.0,-0.20000000000000018,3.254673309675354
2021-04-01,0.15865506339376886,0.0008047453757396017,0.7000000000000002,1.61,505.8542,1514.0,-32.4,-0.040000000000000036,75315.0,487409.0,0.0,23.09246421798167
2021-05-01,0.15865506339376886,0.0068620417244380505,0.6600000000000001,1.6,519.2278,1594.0,-32.4,-0.040000000000000036,75742.0,498587.0,-0.20000000000000018,3.026204645066059
2021-06-01,-0.48271955991174637,0.005482243256280217,0.6499999999999999,1.48,535.9755,1657.0,-32.4,-0.040000000000000036,76530.0,506128.0,0.10000000000000053,7.477183532714832
2021-07-01,0.3141599156655836,0.006939357263432866,0.6700000000000004,1.27,541.129,1562.0,-18.2,0.020000000000000018,76736.0,509490.0,-0.5,12.797243390764493
2021-08-01,0.3141599156655836,-0.0007403556079218498,0.6900000000000004,1.23,527.3677,1573.0,-18.2,0.020000000000000018,77102.0,514637.0,-0.20000000000000018,9.333732505897444
2021-09-01,2.058586632457501,-0.012187823650965823,0.7000000000000002,1.33,557.7057,1550.0,-18.2,0.020000000000000018,78190.0,517066.0,-0.5,-0.2959997003728745
