,Elastic Net,Random Forest,Historical Average,Equity Premium
1952-03,0.018907499426173334,-0.01013330063299486,0.006699267162862491,0.046621410146173596
1952-04,0.01302958302122488,2.661216600454276e-05,0.00735372852324464,-0.04428576118178087
1952-05,0.026349684337934588,0.003777965092795219,0.006520833528002293,0.021856089193824948
1952-06,0.0018878487364828167,-0.006034665259666398,0.0067642502846026525,0.04460226320201183
1952-07,0.0022431646812319517,-0.009551407124902725,0.007355469236437171,0.016128205128205064
1952-08,-0.005851162475796617,-0.002401132811541971,0.007490434404002831,-0.016066929133858154
1952-09,-0.011783417712226331,-0.001334320689948986,0.007133504653429179,-0.02117650819017187
1952-10,-0.004218464958957835,-0.00389691669142545,0.006710967148300806,-0.0022149959250203233
1952-11,0.011235885541891609,-0.004646154460949933,0.006579702985457848,0.045492659053833706
1952-12,-0.014739317690868212,-0.007640707786155885,0.007143658870506773,0.03386375681995318
1953-01,0.0010270099782403192,-0.015139605066844562,0.007525374555498865,-0.008750922092585722
1953-02,0.002957343657742764,-0.01052928872938611,0.007296130940737109,-0.019595602729340397
1953-03,-0.00894425279919852,-0.01334784903761877,0.006922634639763811,-0.02535212355212355
1953-04,-0.003994159572352985,-0.008571568173015543,0.0064805146645324765,-0.028092684855674132
1953-05,0.003523490437996296,8.36258518566966e-05,0.006013309265610766,-0.004949390739236469
1953-06,-0.008206920863175912,-0.008048157426932647,0.005867139932212803,-0.01809991850040746
1953-07,0.012372377295489942,0.008707254402566558,0.005551783900204641,0.02376926263463136
1953-08,-0.008088564652935386,-0.0070584193543868886,0.005788374533119274,-0.05947777777777782
1953-09,0.008937596930620087,-0.006500775126985165,0.004951628990671876,-0.0003135506003430586
1953-10,0.010441139970242826,0.012814313358696993,0.004884981147747636,0.04966359743040679
1953-11,-0.004907088390577893,-0.027802870177785557,0.005444713851280875,0.00816495517522422
1953-12,-0.00027170668119087804,-0.012672891769084127,0.005478297077502398,0.0007193861066235553
1954-01,0.00754379136901645,-0.006317213671348673,0.0054202615778575335,0.05008903667875863
1954-02,-0.00036637563589961286,-0.010058940619559012,0.005958439591121402,0.0019840490797546134
1954-03,0.011671372772408102,0.00469643459144499,0.005911125418367036,0.02941032504780119
1954-04,0.004937858643403504,0.008163995250090497,0.006187586590478027,0.048097772828507815
1954-05,0.015590675071364628,0.013378352309531166,0.006674914337431861,0.03240870488322706
1954-06,0.0020909424496935516,0.0016486429413051168,0.006970705033360541,8.516615279201614e-05
1954-07,0.019774477535182397,0.027469191268950137,0.006892460273354079,0.056672201300924374
1954-08,0.01927123504181407,0.013749406442600766,0.007451783206248127,-0.03450259067357514
1954-09,-0.005640037730747262,0.014321044204649894,0.006985623496472313,0.08223778075762679
1954-10,0.0027667932128666323,-0.005874838634035706,0.007812570279561922,-0.02019860724233987
1954-11,0.005156967418154659,-0.0022151962467096744,0.007508100958671685,0.08020808080808088
1954-12,0.00878931325156238,0.02818799608297976,0.008289821172106191,0.05001775700934554
1955-01,0.013223502311216818,0.03581751823255099,0.008733735383140652,0.017265591995553244
1955-02,0.003249767298426494,0.01897764146329378,0.008823544400113417,0.002649003549003338
1955-03,0.009551329860634785,-0.0038070733885525302,0.008759226266247687,-0.005896626768226331
1955-04,0.013546053908341812,0.019124856425031374,0.008608134997851047,0.036725533078184935
1955-05,0.011001533106109915,-0.00808963203346266,0.008895047223160576,-0.002717175974710372
1955-06,0.015410007829927474,0.006646508515069096,0.008777752039343698,0.08130018464785038
1955-07,0.00794427804377549,-0.004897841228237212,0.009502976365428765,0.059687301974165385
1955-08,0.017702394853040402,0.024629382046870582,0.009999850876406357,-0.009412500000000112
1955-09,0.020536598950371222,0.024150777142782767,0.009809533710951392,0.009747846225104207
1955-10,0.0211543589338552,0.017416078366518345,0.009808934803321808,-0.03225569040531249
1955-11,0.017183097376539704,0.013084394186790277,0.009404467253238786,0.07317009919697663
1955-12,0.015718981389166362,0.0044776688108995695,0.01001175898603629,-0.002459195781147037
1956-01,0.010990848975705292,-0.00042885709514511335,0.009894108469364749,-0.038699560246262
1956-02,0.009489490113828485,0.0005635258037050737,0.009439962032770106,0.032787357371063544
1956-03,0.010582137699352151,0.017154067025067762,0.009656141619235784,0.06775452139391241
1956-04,0.013560044718074375,0.0018078779961048222,0.010189154277719057,-0.00396270627062699
1956-05,0.00953674660450608,-0.0028157691669857946,0.01006050100000682,-0.06802964034725092
1956-06,0.01717842399969815,0.009200424337216538,0.009356986213094588,0.03715929203539803
1956-07,0.012869916830408548,0.0033769072528859485,0.009605221086508011,0.049322248243559776
1956-08,-0.003325927343685857,-0.014045206045011386,0.009956699202942098,-0.03976438550313829
1956-09,0.009519879400796814,0.015458560003810613,0.00952054933709929,-0.047264112818353944
1956-10,0.008387368261904664,0.003243296969199447,0.009026769666182304,0.0025716648291069255
1956-11,0.006269424325621241,-0.0010406529181707705,0.008971122210690276,-0.012969723562966216
1956-12,0.006720624930216461,-0.0010890782276430516,0.008783593614334237,0.03287062999112696
1957-01,0.010583447902711684,-0.018884800995836688,0.008987721041256209,-0.044482729805013964
1957-02,0.0341440888431698,0.01962994269629785,0.008538389521539654,-0.03504758497316644
1957-03,-0.005410374790991776,-0.0003550038345416127,0.008175173067417104,0.017348636153490662
1957-04,-0.0017311806171994076,-0.002760357983995891,0.008250986811930108,0.03445307186579022
1957-05,-0.011819308600653954,-0.015913452423232236,0.008465758000896176,0.0343479667686925
1957-06,0.0048779655264506155,-0.0036898094487432228,0.008676182462422976,-0.0036650221378874835
1957-07,-0.009664156644332778,-0.010595571076530901,0.008576656618872084,0.008399620012666257
1957-08,0.00758997977165042,-0.005125476253640411,0.008575240326022438,-0.05864694218326022
1957-09,0.0019331460368290782,0.011371053955251214,0.00804173094102813,-0.06451950464396279
1957-10,-0.004683101748396307,0.007768662887732202,0.007470382629335289,-0.03496034889203202
1957-11,-0.013596746680084402,-0.02174441127554302,0.007138892539324607,0.013274037993180523
1957-12,0.017247715469906368,-0.0034038965897678513,0.007186451806408761,-0.04386692233940552
1958-01,-0.008068634067697082,-0.005066144224801116,0.006793733543748652,0.03996069017254325
1958-02,0.0011863074802969942,0.002898490638554461,0.007046916418777618,-0.021823501199040772
1958-03,0.009734016090514821,0.0028439833555032514,0.006828201133794145,0.029952105778648385
1958-04,0.006412962781466271,0.002260268341852366,0.007002065078492297,0.03102897862232781
1958-05,0.012565422307725341,0.01882496713302109,0.007181370403446293,0.013863167587477066
1958-06,0.01617569129903677,0.008207024977641466,0.007230865197402077,0.02578301202086638
1958-07,0.013261576574567417,0.012273289922170473,0.007367278041692256,0.04240344827586188
1958-08,0.009977473714930405,-0.004722810427289066,0.007623016510554808,0.011466920957830152
1958-09,0.019179676336374032,-0.004500269654973359,0.007650870890607528,0.04647696335078534
1958-10,0.020308067670641597,-0.002478886626176634,0.007930195296795858,0.02356955653216122
1958-11,0.026307888079303378,-0.0003614682730375364,0.00804190501990561,0.02130405221118258
1958-12,0.013925600083758972,-0.009601213734227843,0.008135962801404028,0.049819817073170715
1959-01,0.013406514301350255,0.006959268380087424,0.008429511070923512,0.0017036587574714621
1959-02,0.0075530493065095045,0.0006031632548832984,0.00838247713866161,-0.002080440274269333
1959-03,0.013924630151504967,0.0028662619368231075,0.0083098179899607,-0.0016585814834866523
1959-04,0.012919500847961583,0.0009406933915791794,0.008241070407385202,0.0367806637806638
1959-05,0.011976780886719766,0.011614500059039919,0.008436547074325465,0.016726897030734357
1959-06,0.01190854033843363,0.016855799955571533,0.008492944012804439,-0.006078732106339522
1959-07,0.008943204823658239,-0.018419126231075264,0.00839448674172914,0.03238968701898409
1959-08,0.006986926950869857,-4.467543518934003e-05,0.008555528354328167,-0.01693883655594107
1959-09,0.007663181510685504,-0.008844173478530873,0.008385565921593039,-0.048737583892617405
1959-10,-0.0031626274014748615,-0.028115156611291776,0.008007266916200916,0.008251758087201137
1959-11,-0.0055849712893482955,-0.01865641839165324,0.008008875410746972,0.010612795549374157
1959-12,-0.002944444909802911,-0.006355934376905446,0.008025894496620353,0.02422525737817434
1960-01,0.0022237747367037514,0.0020562322927055593,0.00813108516468239,-0.07476435131073636
1960-02,0.003423556664490052,-0.015042791786424429,0.007596275897099044,0.006271012407840351
1960-03,0.003349975808885238,-0.002390276233162064,0.007587780618321745,-0.01739878831076252
1960-04,0.006882362190228516,-0.00930290558273127,0.00742863049775433,-0.019428008673653893
1960-05,0.004632937034941597,-0.0012726429737285687,0.007258651768821367,0.024153043958065203
1960-06,0.00367790138890718,-0.009825263102583137,0.007364905807747429,0.017123553644993808
1960-07,0.008936807629182994,0.018874486644082214,0.00742589735673022,-0.026071609276177164
1960-08,0.002534783821393584,0.016554007153773684,0.007217838309320857,0.02442141956404246
1960-09,0.003098682480794293,0.015754115888042222,0.007324033255337656,-0.0619932584269663
1960-10,0.003274553200030824,0.014355436699930417,0.006898773797164013,-0.004628998505231706
1960-11,0.004468038829002038,-0.0016597615391369855,0.00682848250263721,0.038969713429481155
1960-12,0.007011454667306263,0.009421569362282918,0.007023277841587779,0.04467295642779972
1961-01,0.009086269096947402,0.012835599766530426,0.007250083134275802,0.06125608329031153
1961-02,0.0042448991012282115,0.005266452113745168,0.007573472356767034,0.025469537067012007
1961-03,0.004122935429494019,0.015423585833127815,0.007679996551470873,0.023535939470365808
1961-04,0.017351419225079816,0.021878010376650284,0.007773818698919955,0.0021426068244696853
1961-05,0.01623267545226883,0.014338641296107768,0.007740693923187895,0.01733948859286485
1961-06,0.014262928696032805,0.010164033823389628,0.007796827225349748,-0.030846153846153856
1961-07,0.012249253927241938,-0.0011922755279359647,0.007572158730747982,0.03099702970297027
1961-08,0.009454353881419832,0.00931880325312506,0.007707562609200134,0.018222528460155665
1961-09,0.004438137257040992,0.005180180646523068,0.007767993447424016,-0.02138561774643729
1961-10,0.010393148124488917,0.0075650844173661,0.007601401383459094,0.02642309306159142
1961-11,0.01085762674070848,0.0018200139260433324,0.007708342813448482,0.03784712911687543
1961-12,0.011038185114105474,0.002594043982833211,0.007878618442281403,0.0013249018508132554
1962-01,0.012372901339187354,-0.0021209891418047973,0.007841799809745064,-0.04027561146051699
1962-02,0.0076240264004289555,-0.004007944329429411,0.007572987456279914,0.01426961069145838
1962-03,0.006480226621258508,-0.002135389537603771,0.007610190918697571,-0.007860491709548277
1962-04,0.005448397910134224,0.006503575940842737,0.0075247175340111315,-0.06416980589503953
1962-05,0.0048117435627623726,0.007291818310673801,0.007130791581104259,-0.08839019006744313
1962-06,0.0004903152826202526,-0.0028156987211219397,0.006608819003789793,-0.08383800100620498
1962-07,-0.0074528239288199,-0.015114437282287027,0.006117260199387647,0.060861643835616354
1962-08,0.0019088746628356454,0.0032655083159208176,0.006413175786610506,0.012984217757169927
1962-09,0.0019679445118232462,0.0049675156074571025,0.006448503969247923,-0.050307036535859224
1962-10,0.003339601796977875,0.00037132494422811467,0.0061449984050494875,0.0019428647591967518
1962-11,0.003954655357831686,0.0007187861681231687,0.006122646630337505,0.09955697098372251
1962-12,0.005392704241007387,0.00870634319893951,0.00661700813485277,0.011191808544812134
1963-01,0.006310349755744347,0.0037318564634563015,0.006641086031747293,0.046628367670364435
1963-02,0.005407267540331071,0.01398879353243433,0.0068504435272374355,-0.031151963746223563
1963-03,0.008558147694223642,-0.0021949488119853834,0.006652514322688159,0.03316430237984111
1963-04,0.010715559719046218,0.010403480227625064,0.006789881100186361,0.04602035451404535
1963-05,0.009546241866009946,0.008635228018164635,0.006992100035309346,0.011926647564469886
1963-06,0.008869339401231262,-0.002144720357702777,0.007017405407253759,-0.022497740112994245
1963-07,0.006804676204373917,-0.013526991243382159,0.006866817930109637,-0.006159708807842188
1963-08,0.0049230557257939605,0.007916349249977899,0.00680069342890176,0.04624873426876913
1963-09,0.006963055304516909,0.007558458354216699,0.006999925958396039,-0.013734482758620624
1963-10,0.005082299798668371,-0.010281851016869596,0.0068957329497678155,0.029317573221757334
1963-11,0.006390156065147252,-0.00946222395025538,0.007007842151127763,-0.013239116335630317
1963-12,0.0027924643660891865,0.0004540098632342711,0.0069071110143777235,0.02154353407073585
1964-01,0.005357716319276154,-0.005384795842959655,0.006979568554260685,0.02392615302585999
1964-02,0.003918412835965126,-0.013507061015595661,0.007063049265943441,0.0072650051921078675
1964-03,0.002215793725084173,-0.008415872605442914,0.007064039245973659,0.012067095115681261
1964-04,0.0043029315370575446,0.004345781509070776,0.007088444396557598,0.003177487971638318
1964-05,0.0037428786069071203,2.6649326116382778e-05,0.0070694591711939125,0.008852303045557555
1964-06,0.003611635373820839,0.005105217840356985,0.0070780719435338335,0.01342403882045529
1964-07,0.003936681555934086,0.006064994509638226,0.00710858139967288,0.01523968662014952
1964-08,0.00365084821595351,-0.0035769297251508755,0.007147486209340232,-0.019029862947824137
1964-09,0.0008850802003428741,0.0023589341027547514,0.007022832165734689,0.025918074055969822
1964-10,0.004860258741898578,0.005112331698340196,0.0071123830751670825,0.0051779282489902295
1964-11,0.004809028244595063,0.002218952814556437,0.007103258288251155,-0.008085010605703533
1964-12,0.004497398142010435,0.003565695229664089,0.007031951861518973,0.0008090262970860047
1965-01,0.0041071276239922965,-0.013106211173357328,0.007002872770096389,0.030356342182890874
1965-02,0.005859139182219418,-0.001255395812992769,0.007111493558062875,-0.004484696208314262
1965-03,0.005911778181941273,0.006541432831655583,0.007057807494329648,-0.018125906439437407
1965-04,0.005667758736472258,0.002853318036568822,0.006941753513068048,0.031138625812442082
1965-05,0.007636542041948054,-0.0016285817625212495,0.007052748340129396,-0.010843238693749266
1965-06,0.006340391488563175,0.011109795417773466,0.00697103150435826,-0.05213153132775389
1965-07,0.004773013184164491,0.007958833641249415,0.006702383491485023,0.010333190679980944
1965-08,0.005379759850100458,0.01833054570044008,0.006718812483288172,0.019221994134897304
1965-09,0.005126596731290929,0.014681412430751727,0.006775133121358482,0.02890642422851896
1965-10,0.006808097470539459,0.015564696444262298,0.006874376579238125,0.024245486883059157
1965-11,0.007289338893677641,6.847461833340673e-05,0.006951926178808755,-0.012264336723652954
1965-12,0.006435438057792072,0.014917422851750396,0.006866520565908925,0.0056509878834188594
1966-01,0.005785071915385724,0.008869046772679691,0.006861142102712065,0.0010685491723465813
1966-02,0.004781946346752974,0.008200043864600211,0.006835624072181821,-0.02137252368647718
1966-03,0.004001245334194821,-0.010379879743423052,0.006711904125871913,-0.025615391361543425
1966-04,0.0031820564869963347,-0.02317079333004246,0.0065707368966692265,0.017108797489633412
1966-05,0.003431492998082397,-0.0049454537757988755,0.006616554551421244,-0.05824012738853513
1966-06,0.002195877207899542,-0.004264977079742784,0.006335789694538316,-0.019938395448740296
1966-07,0.0023536287050159575,0.001925793663424701,0.006222538896506943,-0.016952914798206316
1966-08,0.0015544629633296803,-0.004644115311942335,0.006123073430006028,-0.0818511961722488
1966-09,-0.00011343244721039383,-0.003238374546096157,0.005747115012902374,-0.011003891050583522
1966-10,5.959633105383528e-05,-0.010415020016776064,0.0056758341360364775,0.04304440961337503
1966-11,0.0003366182735835621,-0.012842315299392296,0.005834175557550624,-0.0008827930174564146
1966-12,2.072306182682724e-05,-0.029872278430299486,0.005805833917993632,-0.0054916096954630254
1967-01,0.008558070824708552,-0.007563224266519197,0.005758365667516924,0.07387751773932535
1967-02,0.0014800631989041323,0.0010645809891139952,0.006043383040202315,-0.001637178154947524
1967-03,0.0012149500514640338,-0.006723473834631526,0.006011380701889191,0.035510002304678615
1967-04,0.0019377916183678154,0.012063649435764325,0.006133781621402839,0.03903946784922394
1967-05,-0.01167618179970676,-0.0044707819661751295,0.006269755531435158,-0.055741229656419616
1967-06,0.004202095520955932,-0.011627564572955124,0.006014566291978965,0.014812348450830827
1967-07,-0.004152336698544267,-0.018533443098423513,0.006050622776236555,0.042244218887908296
1967-08,0.006374301954337117,0.009944172325442239,0.006198351739957664,-0.014815039577836373
1967-09,-0.0015353580413638018,-0.005715052582026587,0.006112931450047932,0.029585134557881122
1967-10,6.275079013051688e-05,0.0078124979526937215,0.006207960612427823,-0.03295594044049209
1967-11,-0.015282642847330451,-0.004889476773318662,0.0060500416565692754,-0.0025350372736955918
1967-12,0.005540802476197577,0.0011472751756445895,0.0060155634279336736,0.022976595744680885
1968-01,0.009538090483643881,0.006973408558976858,0.006083407557200662,-0.04784782834041679
1968-02,0.0018190165613308233,-0.0029512847686957912,0.005868542075536848,-0.035122896790980004
1968-03,-0.002599560005642581,-0.0044948375963918125,0.005705877635590352,0.005600179051029634
1968-04,-0.0003473178924744123,-0.0013400148750819082,0.005705459854623709,0.077629046563193
1968-05,0.01707669374565882,7.629162677951919e-05,0.005988623581822801,0.006669177169791933
1968-06,0.002825533629571231,-0.0067394256691881435,0.00599129241942268,0.00482038913660318
1968-07,0.0031059195369483664,-0.004469332495473874,0.005986718578474166,-0.023277605944968943
1968-08,-0.005348915588238697,-0.014229048258724902,0.0058728496114568785,0.007258972784939681
1968-09,-0.008113634684426892,-0.010289653386761554,0.0058782221818967344,0.03423934857374064
1968-10,0.0007362590331004872,-0.0004273786852997924,0.005987724600398062,0.0028075581961623667
1968-11,0.00253432999122846,-0.010385531597710829,0.005975493191151002,0.043764413499661516
1968-12,0.0034843888218166565,0.0028947016488330007,0.006120278326432652,-0.04591668358401771
1969-01,0.0023600518609040977,-0.0023870352344536536,0.005921663967995818,-0.013484093972655403
1969-02,0.001736547744262174,-0.0061139644094507445,0.005847877816130224,-0.051974041355208285
1969-03,0.004783488739544534,-0.002850339337908853,0.005628855395026669,0.029844104758993177
1969-04,0.0082737395215096,0.013423069301577144,0.005720233694513335,0.01617571667815962
1969-05,0.0012621509409707918,0.007193643829100415,0.005759540021519524,-0.007018150255569484
1969-06,0.0009976433859520074,-0.0018892012415846092,0.005711683503627805,-0.06067703460274499
1969-07,0.006240586510995181,0.01840161690653782,0.005463964406215965,-0.06547807798587649
1969-08,0.0015193533103990157,-0.015746994632857992,0.005200239341561347,0.035074049874768705
1969-09,-0.008534458294530067,0.005566881260946288,0.00531088308427693,-0.031223557742644754
1969-10,-0.026756910028166516,-0.013024623724267154,0.005176069649491241,0.03824398625429538
1969-11,-0.0010821982640470398,0.009896909148179943,0.005297642872303021,-0.04047354997943221
1969-12,-0.0016220072536091844,-0.0041651820155231955,0.005129982825227068,-0.02505472764097642
1970-01,-0.0020530698192435582,-0.006069552806325366,0.005019819648343114,-0.0824718661742343
1970-02,-0.0039335399585289765,-0.026026304114730423,0.004701668063533741,0.04649348388614459
1970-03,-0.00308390362362133,-0.01129426505844154,0.004853087686079433,-0.004247486033519505
1970-04,-0.0028525966168560313,-0.024116032178474005,0.004820233629329977,-0.09548309717728443
1970-05,-0.004962958666684806,-0.026538839073762775,0.004459430281104746,-0.06626663395485768
1970-06,-0.005886681921036613,-0.01116067031087987,0.004205931842983017,-0.05583265839320703
1970-07,0.0029792875031174493,-0.03573476374307176,0.0039915083064251955,0.0680948294829483
1970-08,-0.020388514414703178,-0.017467959739795147,0.004219634004562288,0.03915868033311973
1970-09,-0.0019699040966188507,0.004814608815434901,0.00434353133196852,0.02759803729146222
1970-10,-0.003918244683240278,0.006597351389258953,0.004425702731118674,-0.016000071250445287
1970-11,-0.005345961039950357,-0.01733092562164783,0.00435378099174697,0.042847447447447555
1970-12,-0.004427431303765347,0.004240801815632548,0.004488846488082761,0.05256605504587151
1971-01,-0.0036455135177244705,-0.0001518229186437329,0.004656948615907198,0.03667748236570792
1971-02,-0.0030520312978351144,0.02505619054714476,0.004768518419913472,0.005773842302878665
1971-03,-0.0025995918646791833,0.021525293330763588,0.004772009127840434,0.033795865633074906
1971-04,-0.0016094042481022113,0.026393943220815664,0.0048724376970626995,0.03348750872295883
1971-05,0.009863244836953855,0.015123175590688572,0.004971110355772686,-0.04445844155844168
1971-06,-0.0011067309637118978,0.011019792891604492,0.004801249352631056,-0.0029974003814112384
1971-07,-0.0008243810459230798,-0.0027158580345581665,0.004774541648062418,-0.04532397191574733
1971-08,-0.0012972319978820967,0.010329758257181753,0.004603556960131326,0.031395417451349696
1971-09,0.0005902115625112114,0.018210707651615535,0.004694685737312341,-0.010667585580127223
1971-10,0.019343940361276915,0.013392675788853255,0.004642610241321021,-0.04549377669310558
1971-11,-0.0008798197847558609,0.0072461434840741575,0.004473230555731742,-0.006246959567017004
1971-12,-0.0009692225605818703,0.012817257789922376,0.00443713563949353,0.08247938078519006
1972-01,0.0004969606140956804,0.001729928928051314,0.004699022368170365,0.015221265550004928
1972-02,-0.00048064358905965945,-0.00658031107341697,0.004734213816939042,0.02280305945737932
1972-03,-7.330629552087907e-05,0.0010079385698060887,0.004794443302407176,0.003211607394201157
1972-04,-0.0006116128773621697,0.0019430975289363164,0.004789184711350014,0.001484328358209011
1972-05,0.003508601090017688,0.005647735637502752,0.004778241478392594,0.01427500696572859
1972-06,-7.059459184328132e-05,-0.002198789833347267,0.004809583938746838,-0.02472050579749839
1972-07,-0.0007294754959821017,0.006827971439357115,0.004712445485667084,-0.0007666044427850987
1972-08,-0.0014463225514936584,-0.004089737670219206,0.004694481387541011,0.03155385976347892
1972-09,-0.0006735075624717368,0.0023829757312873808,0.004782257133867606,-0.008260923575479404
1972-10,-0.0013042751980277454,-0.002151687035701544,0.004739771203218267,0.005317051108095997
1972-11,0.001787362302344816,-0.0015325965918066866,0.0047416454886237145,0.04191749417458327
1972-12,7.448351858670374e-05,-0.005832135020850912,0.004861955678545913,0.008128233479043382
1973-01,-0.00017298918584058873,-0.010557520554427012,0.004872492058547518,-0.021511393477340032
1973-02,0.0002659513952106906,-0.023319441942118765,0.00478765641373759,-0.04159030423166422
1973-03,-0.00549179829526204,0.0015884554661413685,0.004639009103976686,-0.0060326647564470995
1973-04,-0.007004493674283665,0.0005233583574314431,0.004604914299310796,-0.045999856527977015
1973-05,-0.010416149681418352,-0.01125968632266495,0.004443752608778032,-0.023983799196036222
1973-06,-0.01402376271612612,-0.02036555128699486,0.004353506412572272,-0.011674559313959006
1973-07,-0.011084435351971395,-0.011868594107405829,0.004302784685589578,0.03158196815653165
1973-08,-0.015826530685378263,-0.02459270580900727,0.004388838892122518,-0.04368453150988726
1973-09,-0.0164215427894431,-0.01530701657418364,0.004237664771361481,0.033295923261390886
1973-10,-0.000787789157461066,0.001165414665268964,0.004328756490765962,-0.00779115558424786
1973-11,0.0002938225027248483,-0.009318983917002503,0.004290881765531544,-0.11946092898697952
1973-12,-0.023277787561730035,-0.02380439441958772,0.003905362105866401,0.010169403918299309
1974-01,-0.010821757060312763,-0.02377627298386812,0.0039248156518677454,-0.016346130189646396
1974-02,-0.0048424559321746845,-0.03390693299316147,0.003862057305609188,-0.009424313969141535
1974-03,-0.006189806685572716,-0.023418825542407706,0.0038210499868599574,-0.02887998337144044
1974-04,-0.025982636173860246,-0.03300452718307511,0.0037204314226805717,-0.04655086188550755
1974-05,-0.01677700698535634,-0.01531441699311764,0.003566225001489811,-0.041051101760602386
1974-06,-0.01937398430483186,-0.020325386042478973,0.0034297805771409053,-0.02066544454628782
1974-07,-0.022330619541469518,-0.04197851044201931,0.00335631952493533,-0.0847906976744186
1974-08,-0.029714785339508637,-0.033942858325453525,0.003088395460499604,-0.0962786533854495
1974-09,-0.048663371770199006,-0.04458987260217811,0.0027872831912694553,-0.1274347193347194
1974-10,-0.04364030987007071,-0.05872087781299793,0.0023938632440610296,0.157946899590809
1974-11,0.02062521304719731,0.046226815258173924,0.0028623964860693065,-0.058579972936400646
1974-12,-0.002962802959354069,-0.0005973775307654137,0.0026778848661820095,-0.027151493497213013
1975-01,-0.010501838802833403,-0.02750072122450539,0.0025885753501239408,0.11701213535589264
1975-02,0.02714253746411353,0.016428411788832527,0.002930138215812802,0.055585684593400825
1975-03,0.024793967689236425,0.004842800463864835,0.0030868511514603853,0.01759383502880251
1975-04,0.009152237388045003,0.009210346646066915,0.003129898581363478,0.042864875239923175
1975-05,0.01222512702100372,0.03432681780469393,0.0032474576839035952,0.03970080183276066
1975-06,0.03416458528203099,0.03378922729229717,0.003354989672543292,0.04022254525507395
1975-07,0.03437402229300716,0.01908010066554003,0.003463423659550735,-0.07245416535350355
1975-08,0.014014325405001457,-0.02431209099898587,0.003240791433706001,-0.025870422535211296
1975-09,0.014628639292135434,0.03008836689628481,0.003155670925024956,-0.039945488029465875
1975-10,0.007297048651394269,0.02235345058221916,0.0030300115694725047,0.05604301895791113
1975-11,0.021316874985367936,0.02398664759170118,0.003184119149090059,0.020607996406109434
1975-12,0.008460623149597939,-0.016702371353115607,0.0032346231411393904,-0.0163081104778606
1976-01,0.021055291750711712,0.0014893005164531218,0.003178141252067136,0.11360579886905435
1976-02,0.022364959009412332,0.023781611167587046,0.003496376576611768,-0.014801943287725591
1976-03,0.012513844116737113,0.011510143546450344,0.0034437951976912583,0.026688998094474007
1976-04,0.01270504381984844,0.007280043430238446,0.003510400363584619,-0.015195426680938002
1976-05,0.000878221167070892,0.006700907632884571,0.003456955143457411,-0.01806442345533251
1976-06,-0.004401885154653661,-0.006642407995307215,0.00339564067451499,0.03662633260131762
1976-07,0.0021403685162883195,0.01299200694757288,0.003490046049307043,-0.012755235903337232
1976-08,-0.0022183535977622895,0.009769327173098119,0.0034440254205460115,-0.009323743232791965
1976-09,0.002830302565270334,0.002900412613004156,0.0034079582774574862,0.01824114274608886
1976-10,-0.00241519413706105,0.0016572692783738314,0.003449741895678983,-0.026334891676168655
1976-11,-0.0036648533400085595,0.0012089320646515005,0.003366077194634467,-0.011774538386783436
1976-12,0.0066818212247688365,-0.004412965908362111,0.003323666506731336,0.0484975514201762
1977-01,0.008874865830527316,0.01087306790188549,0.0034498505428024106,-0.05413042992741474
1977-02,-0.012063408404741193,0.0018939275967537672,0.0032894597894034773,-0.0251602959913752
1977-03,-0.00709531584169407,-0.01981955303184163,0.0032104326900124253,-0.017825245441795177
1977-04,-0.0018058401665678146,-0.0023146184443352718,0.003152162113470022,-0.0035967892704735515
1977-05,-0.0062465677018750596,-0.011072459586582362,0.0031335186013596804,-0.027267655424624025
1977-06,-0.002885839203824561,0.016685613327934806,0.003049768810654491,0.04135996670828135
1977-07,-0.00045111381309777265,0.01462638235854011,0.003155016607076543,-0.020422133757961886
1977-08,-0.00527205768483794,0.02178777306028517,0.003090421674569588,-0.02544198280222558
1977-09,-0.01243179457451038,0.009434695676351043,0.003012464285288727,-0.006780107471323656
1977-10,-0.013495139968856562,0.015736501854383612,0.00298578152845872,-0.04830619496529574
1977-11,-0.009236213005492528,-0.015100675381520658,0.002846401157551779,0.021965562053281377
1977-12,-0.013368183694535435,0.02301873247761157,0.002898214601713648,-0.002052799746915619
1978-01,-0.0073847358310718415,0.005654867639110189,0.0028848334818524883,-0.06641419558359617
1978-02,-0.019532950018649995,0.0008020804727523973,0.002698043646096562,-0.02936190476190465
1978-03,-0.01795408107135016,0.005051130079325871,0.002611860989085806,0.01963106617647034
1978-04,-0.014169678493397165,0.005467657487991852,0.0026574888850305367,0.0800164331352989
1978-05,-0.005401308865076895,0.019552911972861062,0.002864330981956388,-0.000865775069709758
1978-06,-0.005016008462971454,-0.0067275216357934355,0.002854384032485278,-0.022985355820649908
1978-07,-0.00520452173808297,-0.009204058565511018,0.0027856613201099186,0.04830976656547686
1978-08,-0.007638414938160788,-0.003146341760901059,0.0029064149149252154,0.02032371871275323
1978-09,-0.0038589209275565407,0.0049980044280531705,0.0029524924381998927,-0.013461109497531227
1978-10,-0.0046382048068719095,-0.005684415064326135,0.002909184781377383,-0.09837401989467529
1978-11,-0.0061479192120456995,-0.022129880742394352,0.002642650032229876,0.009639828234031207
1978-12,-0.003996239925028854,-0.002115869781874461,0.002661015329347465,0.0070891235480463905
1979-01,-0.0040475779311997355,-0.0005502543001192535,0.0026726072356791377,0.03204612423265023
1979-02,-0.0032410403574947917,0.005524351551356722,0.002749300491545903,-0.04382556789752837
1979-03,-0.003814394589634574,-0.013889034302951655,0.002628011771782689,0.04705164104694637
1979-04,-0.00805528237097336,-0.006479698448070042,0.002743397821848049,-0.006326606949502926
1979-05,-0.001878463267061383,0.0055032044697943625,0.002719900400160611,-0.034536477987421446
1979-06,-0.0017698862041750332,0.030899409088455027,0.0026236306885647916,0.030555631812676506
1979-07,0.005301203746738335,-0.006332564299587642,0.0026956203821836364,0.0010455057817511503
1979-08,-0.0031419621720530054,-0.013043871442250124,0.002691378442336766,0.04537773817551298
1979-09,0.0018452932306571405,-0.017666016188835208,0.0028008306467808075,-0.0083
1979-10,0.012351655210019592,-0.001337353009966221,0.0027724397755614196,-0.07730592755214045
1979-11,-0.000643835244433252,0.023796959255435846,0.002568158226256058,0.032724238852877695
1979-12,0.008173189318609012,0.013298110945433525,0.0026448912558403367,0.007267143933684947
1980-01,0.009658190617810427,0.009490346491787628,0.002656622861621668,0.049624606262738576
1980-02,0.001912295190739779,0.005508518768480411,0.002775529148713103,-0.013279817799579522
1980-03,0.0007645368175234398,-0.015764510274978525,0.002734985343288122,-0.11389482667605133
1980-04,-0.0014269408775574575,0.017277964018438216,0.002441207479259559,0.0285401704378489
1980-05,-0.001665685957592029,0.02335260995088742,0.0025067827630751104,0.03847070279424214
1980-06,-0.001686187608234004,0.02146227930491248,0.0025969179009978347,0.020868716289104576
1980-07,0.0030312286116305114,0.025466965971839364,0.0026425973969681016,0.05973851540616257
1980-08,-0.006258043229501405,-0.020697081141180507,0.0027849812324025015,-0.0005645434371662041
1980-09,-0.005445221668938252,-0.014662595964354406,0.0027766490814831765,0.017667511031214174
1980-10,0.00769080490251783,-0.003962432038361226,0.002813599111135114,0.006521042563366894
1980-11,0.009414379776560304,-0.01650075092881791,0.002822775951363411,0.0927770298893858
1980-12,0.009771396444112231,0.0014705203266333511,0.0030448852203461816,-0.04697418161115874
1981-01,0.008994406138767026,0.015061749420924097,0.002921685548347401,-0.0561424867413081
1981-02,-0.0013863471032757803,-0.03077491459234396,0.002776564731910901,0.0025767271323812613
1981-03,-0.0010967025962739998,-0.01816049211084672,0.0027760749338728383,0.023932604555496173
1981-04,0.0033581686287533358,-0.003535775920326396,0.002827802390160426,-0.034255882352941164
1981-05,-0.035281298577530124,-0.024874167616656437,0.0027373543785918857,-0.013156501769445095
1981-06,-0.0013785180550255592,-0.015068665197662139,0.0026986831957499465,-0.0239080247379138
1981-07,-0.0023874240106794152,-0.014066120356725532,0.0026341038075614427,-0.014610197393491486
1981-08,-0.0024183400355153196,-0.0010154707776013486,0.0025923500516266897,-0.07489899175068734
1981-09,-0.003511260844146909,0.012983352227185564,0.00240517289751482,-0.06623174525612832
1981-10,-0.011663938214369056,0.019745423521072416,0.002239782733289174,0.03704787398863818
1981-11,0.0007595135166657205,0.021421853377819083,0.0023234560295760705,0.025890368364919134
1981-12,-0.0032350144372420386,0.02128042987302773,0.002379971406879051,-0.03877518796992481
1982-01,0.02877563681795796,0.02726048489676415,0.0022815140877957885,-0.02554385964912275
1982-02,-0.004213117255772188,0.012104281725207939,0.0022151050812637633,-0.06974817275747515
1982-03,-0.004956248535207188,-0.0025180371259677357,0.00204376394355248,-0.019967093979312258
1982-04,-0.0030636456749517857,-0.011708930065407356,0.001991481620695319,0.028714290818149336
1982-05,-0.00043181816684861526,-0.0014937088217614396,0.0020548058131063477,-0.04976180006870495
1982-06,-0.004828330420090106,0.009102837226076424,0.0019323079268609307,-0.029889595995709672
1982-07,-0.00601582313182329,-0.018392147450290518,0.0018572562666661885,-0.03349060304716716
1982-08,-0.006233630953310044,-0.01569170699460926,0.0017740848329865807,0.10837721542627704
1982-09,-0.004003310982835002,0.004560030337834486,0.0020243269235811594,0.0025144255710819394
1982-10,0.014405549873126453,0.0024331559805153553,0.002025474695589358,0.10446372695565521
1982-11,0.027796121871809253,0.0180083432659826,0.002264816406477362,0.029822952658738994
1982-12,-0.001171280223354765,0.018110712471633938,0.002329054486319464,0.008458077089649112
1983-01,-0.0009960989427453535,-0.010698377430369457,0.00234330802725744,0.02623424345847582
1983-02,0.018503960847861912,0.01568650786318548,0.0023987394319702434,0.01279518238127995
1983-03,0.011857845725631816,0.0037496845445807144,0.0024228052721306827,0.026794691341348126
1983-04,0.010678756444615547,0.010871294136201921,0.002479091383145042,0.06782154811715457
1983-05,0.021263394325445786,0.026824777728908324,0.0026296500392141886,-0.01924642987471113
1983-06,0.0008604612493711245,0.007981493304046551,0.0025793602003316017,0.028523843832748568
1983-07,0.005627110422860367,0.014510529456035832,0.002638865896736228,-0.040414097912081434
1983-08,0.0002402168356351271,0.010007859166777626,0.0025403465287526634,0.0037188976377953665
1983-09,-0.001473672707908406,-0.004338902706401405,0.0025430372847093817,0.002558150851581338
1983-10,-0.0007440364046639196,-0.011473740050741218,0.002543071711968771,-0.022774324080207024
1983-11,0.006495168248490794,0.0022910452316728135,0.0024855321760774624,0.010425863650259777
1983-12,0.0015035530107159864,-0.00716833119784017,0.002503537462866992,-0.016134134615384627
1984-01,0.0011164987079921357,-0.00033399608606947477,0.0024613707839569203,-0.016816031043473015
1984-02,0.0003021294533900823,-0.011055572774251501,0.0024178552042110287,-0.04595931093568318
1984-03,-0.005536253205693365,0.00010963195109637537,0.0023088976228148703,0.006198026232013238
1984-04,-0.007607322683165422,-0.01866763344829195,0.002317637237667001,-0.0026344892574443647
1984-05,-0.001439858406007721,-0.009092249806475466,0.002306533815032222,-0.06715645110902843
1984-06,-0.0008964574346538574,-0.017767070897091945,0.0021511356384683283,0.009969279309199504
1984-07,-0.0012395633097118071,0.004756018375026872,0.0021685868520190674,-0.024651233842538214
1984-08,-0.0016678423034499634,-0.018888928998788194,0.0021088545119421027,0.09803213859020318
1984-09,0.008606866056882967,0.011804113022079621,0.0023220173654493496,-0.012079721622270282
1984-10,0.006589167925921559,4.2459004930116524e-05,0.002290084463037554,-0.010060204695966237
1984-11,0.011594069561798905,0.02339580171408007,0.0022627608144556877,-0.022412288518273177
1984-12,-0.0006514443988259093,0.003749337238895587,0.0022082905068779198,0.01597437339528059
1985-01,-0.0005063239077993151,0.0075223539040743075,0.0022386122753545777,0.06758514709399649
1985-02,-0.00020698156061168353,0.027188620711873713,0.002382231033197747,0.002884518176251155
1985-03,0.0072496957445766464,0.01305745909975248,0.002383332540090408,-0.009125106242066323
1985-04,0.008991902809214818,0.004557471590606288,0.00235814996069838,-0.011794265471050462
1985-05,0.01302051979926484,0.010710233080686063,0.002327249490323382,0.0474510482122003
1985-06,0.0012860178713695583,0.029466643747749228,0.002425558420000674,0.006634001582695842
1985-07,0.0010487726262627458,0.01815283211225283,0.002434707209484794,-0.011047537138389369
1985-08,-0.00013099491614645278,0.016545353060432942,0.0024054615601401645,-0.017494552692227043
1985-09,-0.0004131617370641341,0.0015829945680530958,0.002362387936217292,-0.04072406298043784
1985-10,-0.0013863546372583338,0.0030451340945748936,0.002269328646980456,0.03600878734622132
1985-11,0.008942835693094703,-0.001933584723738098,0.002342042997625372,0.05896163734063852
1985-12,0.01277300469167,0.019366581978128697,0.00246380556610497,0.03856108720383839
1986-01,0.014237888878038648,0.01645962070581036,0.0025412675438683465,-0.003233472169632718
1986-02,0.0008489226230879929,0.007992341003599211,0.002528901934203462,0.06618928132968169
1986-03,0.01501440978698299,0.019554587456519737,0.0026649283859032013,0.04679393618896533
1986-04,0.020732911499907816,0.029561011345417332,0.0027590200869758285,-0.019348179154457874
1986-05,0.01582122798669926,0.023725676684294913,0.0027119834928451187,0.04532927989130421
1986-06,0.01622569485074574,0.03054854527152052,0.0028024660754320807,0.008909561350313271
1986-07,0.0018390006090683204,0.016194795812772753,0.0028154048366076764,-0.0638828257056291
1986-08,0.011733920776659926,0.03429509055819737,0.002674393778378846,0.06659261392512289
1986-09,0.006254583918959986,0.008606448204046107,0.0028092423440892766,-0.08993865891748715
1986-10,0.01580619909146885,0.025392867255868038,0.002613983604591221,0.050129379214940366
1986-11,0.00651802781829368,0.013460141186864628,0.0027138058642768286,0.017577170259857514
1986-12,0.007931553241203641,0.0014919225778062645,0.0027449659573493246,-0.03318825936923207
1987-01,0.01996612341069185,0.011952529676299273,0.0026697918457874387,0.12756694057893211
1987-02,0.008552917503409425,0.023201998199257355,0.002930537459009035,0.032623525977816675
1987-03,-0.0009161725219156754,-0.0167831974727762,0.002992397851756551,0.02168986629134421
1987-04,0.012478030625272037,0.03181805149285721,0.00303126992751453,-0.0158501199862872
1987-05,0.0034822359426503685,0.0027029746659881105,0.002992096919394609,0.0022341240116521533
1987-06,0.0014630890524523054,0.013279441354134659,0.0029905276173081857,0.04311451223715959
1987-07,0.006235294572699274,0.03777446795855602,0.0030734284119773004,0.04362368421052636
1987-08,0.008636556977480838,0.033698399594931025,0.0031570371868196697,0.030258890353354644
1987-09,0.011438700863300304,0.023586729916928104,0.003212802316791964,-0.028666161309884915
1987-10,-0.002517930280252316,0.0014344047355481873,0.0031473424325482746,-0.223630426001305
1987-11,-0.04356913928128412,-0.013940894709579696,0.002682633890675624,-0.08884890186266331
1987-12,0.013589690632134568,0.025897208755755706,0.0024954528359653195,0.0689614850195397
1988-01,0.022352460851949935,0.028165872234802065,0.0026310977996052676,0.037532248664400206
1988-02,0.004881891254863429,-0.005103450655371973,0.0027021795732606545,0.03721740381997123
1988-03,0.0066693570292907485,0.026605777296365096,0.0027723324680710417,-0.03774329026958405
1988-04,0.0036784658207249287,0.015213419288960903,0.002690150677528131,0.004824852253852922
1988-05,-0.00986040103379874,-0.014826297406662952,0.002694471935779801,-0.001923939080855537
1988-06,0.0018431262515179814,-0.00828262823237016,0.0026851418125138707,0.038356026853829564
1988-07,0.0070813476498774175,0.008886206257015902,0.0027570589194520073,-0.01051133455210241
1988-08,0.004114307607186313,0.004631234509334261,0.0027303619506963647,-0.04450010293360783
1988-09,0.004528142069883515,-0.02662053626955164,0.002635521659764027,0.03352927500764767
1988-10,0.0022822129988239142,-0.009394577317304063,0.0026974329891185033,0.019864473539038745
1988-11,0.006488498683952541,0.003142523547086692,0.0027317670702183437,-0.024590920170627768
1988-12,0.0059837183832997035,0.023885962307213484,0.0026772307683404074,0.008387614176105423
1989-01,0.006064293957376118,-0.00029023619702192344,0.0026886060340929273,0.06561479187671032
1989-02,0.0057364194254312245,0.0005792834613854758,0.002813707795211451,-0.03504409520287766
1989-03,0.0059183396876446494,-0.004305923081146414,0.0027385931067231786,0.014105926746520819
1989-04,0.0066410642429617275,-0.010296346870967926,0.0027611026782871344,0.043389870112252746
1989-05,0.00966794031063746,0.004688221539220153,0.002841396685073628,0.02723757912414417
1989-06,0.008390444522934273,0.0037882950820704664,0.00288951538810927,-0.015024622488456157
1989-07,0.007973879492973344,-0.014956129412633681,0.002854251337171149,0.08137033775709146
1989-08,0.009740905686300507,0.02141181567464196,0.0030085069097053737,0.00811664355062421
1989-09,0.008242314102307522,0.017425920371150275,0.0030185228639032537,-0.013044316403471416
1989-10,0.009259455079017211,0.014571891293886254,0.00298708873617845,-0.0319754260346555
1989-11,0.006648665179476359,0.0020763756330765453,0.002918802574516665,0.00964130920202146
1989-12,0.008395210462314262,0.00032236422544592035,0.002931906875934803,0.015316803953871354
1990-01,0.008384250971624105,0.006742785133572261,0.002956002006436625,-0.0745172043010753
1990-02,0.0060158784483729105,0.007044841603765093,0.0028055685961307767,0.0028389570925002987
1990-03,0.006015119096977062,-0.003583165399937571,0.0028056333025190897,0.01785502425502435
1990-04,0.00693771435652309,0.002341176189955509,0.002834742375928191,-0.03378709772312759
1990-05,0.00376437396483136,0.003984764997611421,0.0027640438429184307,0.08518911729141468
1990-06,0.006727208552380859,-0.0011227792826334988,0.0029228590133394254,-0.015186305124159222
1990-07,0.006363536773933276,-0.007763219181711666,0.0028880336976903898,-0.012023171889838563
1990-08,0.006347276194742457,-0.005260569839858673,0.002859413341476323,-0.10091419345781266
1990-09,0.004956948848649363,0.02372615436576634,0.002660613328450865,-0.05718427579365081
1990-10,0.0046826119684291465,0.016295782889142647,0.0025461871542212253,-0.013498251919621035
1990-11,-0.006623270706756501,0.010591492004740816,0.0025155679956833585,0.05423421052631587
1990-12,0.003778704200426397,0.02486610639239587,0.002614079695741706,0.018827757432809962
1991-01,0.0034498153709092566,0.03489228372148961,0.00264490417813157,0.036317776028102475
1991-02,0.00410900284087151,0.029480567606676736,0.0027087995706362583,0.06248113278864889
1991-03,0.00404720036518763,0.020813615931719102,0.0028220047471855247,0.017802849592720896
1991-04,0.003564015588583555,0.016299010352573733,0.002850323924587293,-0.004953536591866176
1991-05,0.003803926297960084,-9.73186935179272e-05,0.002835599659461909,0.033877327827361116
1991-06,0.003613060430227698,0.009435574626955974,0.002894058657894864,-0.052092671164353586
1991-07,0.0025963565549832522,-0.02521461665329126,0.0027907001431913894,0.03995935984481082
1991-08,0.004327059647490583,0.009460873678514777,0.0028604349643951785,0.01504879709135925
1991-09,0.0034679960335945227,0.0007391542902893258,0.002883259612573014,-0.02374371696634043
1991-10,-0.0005444704231303871,-0.0038758870683914177,0.002833489562892802,0.007659949466302089
1991-11,-2.7511149638658697e-05,0.0023036771293679314,0.0028424941522648345,-0.04782804362227987
1991-12,-0.005616499395432824,-0.007178217178235272,0.002748135608923038,0.10778786845050894
1992-01,0.005500967604791716,0.014501372666126501,0.0029433767480337926,-0.02329978182166907
1992-02,0.003215345353645989,-0.009825192291219566,0.002894688142153082,0.006764813229286262
1992-03,0.002177512550110863,0.005638125354981971,0.002901855040462588,-0.025231839108311102
1992-04,-0.007681404893910972,-0.0033452612064737283,0.0028498519089491434,0.024692689935346436
1992-05,0.0032382483232630595,-0.007392327499154316,0.002890152348112238,-0.0018360284371611055
1992-06,0.0024524998814291583,5.323683805642436e-05,0.00288144851609516,-0.0205588539785724
1992-07,0.0009452312364210703,-0.002966393536871371,0.0028383597247446683,0.03627374430342522
1992-08,0.0019707884976864153,0.004971824997932082,0.002899709054246834,-0.0265975483840551
1992-09,0.0020028653755802695,0.004839951370680513,0.0028456847732243034,0.006505620365674083
1992-10,0.00204406332367539,-0.0006252497452700263,0.0028523756975249426,-0.00019372905696516188
1992-11,0.004182173980657881,-0.0002519678963623124,0.0028468171122065303,0.02796177510270367
1992-12,0.006129018596747329,0.0006175473940586202,0.0028925638480726454,0.007307801089602297
1993-01,0.005101457197915039,-0.0005674378097903939,0.0029005915521481537,0.004745970943976521
1993-02,0.004555019235907978,0.008227356255525455,0.0029039406980498387,0.008283613656046442
1993-03,0.0040727893998425664,-0.0021274269446514677,0.0029136864823940357,0.016197279985565586
1993-04,0.004971798904095059,0.006530453849528827,0.0029377074471375647,-0.027816786591980877
1993-05,0.004427771589997829,-0.0008623039055744919,0.0028821939199911413,0.02051746291374188
1993-06,0.004801794956574453,0.002857429956398373,0.002913969179439341,-0.0017447633221528403
1993-07,0.004133448453641412,0.001863883841319804,0.0029055901641487076,-0.007727059241337916
1993-08,0.004179853042154154,0.0005569157502828746,0.0028865010269754823,0.03193197286501687
1993-09,0.005453720972131233,0.003588288050118945,0.002938553843889535,-0.012587919578910986
1993-10,0.004685101062355254,0.005178682980660242,0.0029107783994838095,0.017192935741834316
1993-11,0.004640575432401848,0.00923331177298984,0.002936282251880864,-0.015410672680247038
1993-12,0.004793579557241526,0.00836605586733868,0.002903578232394005,0.007791166980662036
1994-01,0.004783638770650803,0.010303036669149043,0.002912275009526155,0.030000803944688573
1994-02,0.0041900723051171065,0.012248566991322093,0.002960389625752021,-0.032145057203961776
1994-03,0.004238389605099039,0.007024520540688916,0.0028981459256993366,-0.04844645716487569
1994-04,0.0031958498732424304,-0.007985985189384454,0.0028072705219992036,0.008830609955807013
1994-05,0.002619862203968335,-0.006567582329399775,0.0028179124644617617,0.009319329799738143
1994-06,0.0023212247152282345,0.003697647214260433,0.0028293788089684218,-0.029912118025892116
1994-07,0.0020730997896043018,-0.005244110001214187,0.0027717353286253574,0.02866735093524211
1994-08,0.0011067275662779534,-0.01618407879836722,0.0028172460766158966,0.03394320785597386
1994-09,-0.001853110698815393,-0.002452630761850121,0.002871853027105998,-0.03059800210304949
1994-10,-0.0019951932362790954,-0.005179086279683654,0.0028132368184717507,0.017033783579347952
1994-11,-0.001501295624908413,-0.008169762892636868,0.002838097914207548,-0.043204604636392606
1994-12,-0.0002673188537803883,-0.0016281399233177274,0.0027577441575747383,0.00789914699464385
1995-01,0.001145025299609037,0.0018610137888498712,0.0027667013053745103,0.020077658022514138
1995-02,0.0027216063383355272,-0.0065181789604810345,0.0027968073170564923,0.03207414650737639
1995-03,0.003208859495250129,-0.01353347625321464,0.0028476360309285754,0.022729243521615032
1995-04,0.0032900964830266406,0.0019139048307333368,0.002882092889664601,0.023560296379141657
1995-05,0.004245886384731128,0.015831857669681527,0.00291786832822771,0.030911709506323895
1995-06,0.003341262921646281,0.001015263683348442,0.0029662169312986877,0.01657859017622802
1995-07,0.003870677843319402,0.010277360976280719,0.0029896865403416695,0.027276044056906815
1995-08,0.004525664775765158,0.007366977150881279,0.0030314874999226764,-0.005020250507063191
1995-09,0.00612389715827765,0.012175593779204333,0.003017652898536103,0.0357975297216486
1995-10,0.013276350301459393,0.015498626749159236,0.003073879102349332,-0.00967938091408423
1995-11,0.011769113884005323,0.005781682839907748,0.0030520413283485898,0.03684901117798798
1995-12,0.007447488444486123,0.010465029732759427,0.0031098139263821614,0.012543877298181088
1996-01,0.00764861180740169,0.0017008938482356347,0.003125913010634378,0.028317342879872837
1996-02,0.009569310149052313,-0.0037398157504555368,0.003168828564074307,0.0030337442218797564
1996-03,0.0088182804194125,-0.005451313582065838,0.003168598828798466,0.004016556063894742
1996-04,0.009497087559692415,-0.005127141041652266,0.0031700384845456584,0.00883144848954303
1996-05,0.009084759109522458,-0.00027385607123020696,0.00317963409472362,0.018653386734335236
1996-06,0.009227785726888364,-0.0023859448012956874,0.003205816417294875,-0.0017433046389287964
1996-07,0.006804028696742028,0.006647939668856842,0.0031974564155107135,-0.050248027973696256
1996-08,0.005846528740013877,-0.0052975637280744435,0.003107329123117447,0.01471396984139383
1996-09,0.006480713211333417,-0.0037621321070366097,0.0031268689223064644,0.0497726100093558
1996-10,0.009367910565202947,0.005220849710036203,0.0032052651258141105,0.021930857982569867
1996-11,0.010938248212972571,0.009627010939311738,0.00323668390577511,0.0692761538134332
1996-12,0.008709848994395437,0.01661931425091003,0.0033473027833423766,-0.026105376344086002
1997-01,0.011933147189346896,0.006374312249678206,0.0032980508115573793,0.056817061317061275
1997-02,0.00781357563346436,0.008154479983358026,0.0033873980745047984,0.002027546555408725
1997-03,0.012748497891880928,0.0034326512917432824,0.0033851316553063053,-0.046913995599504404
1997-04,0.008922678927122653,0.007965981751150314,0.003301439263867352,0.05410553677092153
1997-05,0.013124273127209677,-0.005417412204733699,0.003385831452417276,0.05367688371976932
1997-06,0.013927994443640136,0.005785351236190879,0.0034692328657959693,0.03975263356438922
1997-07,0.014049616936281924,0.01273550159099967,0.0035293047212572167,0.07382323474252647
1997-08,0.01738735563747911,0.033625539686104114,0.003645493035341959,-0.06154584979408773
1997-09,0.016470292489696396,0.012274832795063396,0.0035379165620260684,0.04875352374175908
1997-10,0.01575926731783719,0.007967598618195843,0.003612406853920192,-0.03867766235959793
1997-11,0.012526898244480347,-0.002264933341728306,0.0035428508190295366,0.040686822942861425
1997-12,0.014042343818242634,0.0021140813805630514,0.0036038425630752374,0.010931630730583924
1998-01,0.014970891713948917,0.0038285911737763806,0.0036158553305629566,0.005850139628824384
1998-02,0.014145089438041592,-0.005348178740637276,0.003619512097008556,0.0665492593952748
1998-03,0.01708806207588103,0.010686450732708025,0.0037223384814828475,0.04604568014180345
1998-04,0.018399464543580685,0.017446078095396566,0.003791381453196258,0.004776469253460395
1998-05,0.01738977078297383,0.014826281200011273,0.003792985830721118,-0.022826174949404195
1998-06,0.0141481444991359,0.0052841637995389885,0.003749702642460752,0.035338220788031054
1998-07,0.013525408496404582,0.0015896933462513673,0.0038009827043853786,-0.015615395470260248
1998-08,0.013228838438188758,0.0040228579676547995,0.003769513695998595,-0.15009671089616042
1998-09,0.0005707880140749539,-0.021692909435325234,0.003520539222548499,0.05779553735584158
1998-10,0.015404123846809021,0.009268389664980958,0.003608220964282414,0.07709419573062225
1998-11,0.011764551827661809,0.015277791764206792,0.003726746730034575,0.056026034204993296
1998-12,0.009849982405326625,-0.009614621307973158,0.0038109645842615615,0.05257530830246718
1999-01,0.014386063895137859,0.01770125951752103,0.0038893638506895447,0.03750941239637823
1999-02,0.018453757873249876,0.02782073492891452,0.003943328615610394,-0.03578251695789453
1999-03,0.011069754282667186,0.00024044912846963679,0.0038796654015502896,0.034494182487705166
1999-04,0.01380737120763955,0.0005723330647023324,0.003928648628888137,0.03424398190256309
1999-05,0.016517193468178523,5.165042066622795e-05,0.0039770756788460844,-0.02837041597387628
1999-06,0.014283686238311284,-0.009841485940147443,0.003925484783068218,0.05043833343575255
1999-07,0.016654722269572122,-0.005329276636053118,0.003999549828693511,-0.035846098593293546
1999-08,0.014498006569058393,-0.01346872387593135,0.003936202215939955,-0.01015413932205432
1999-09,0.014618025188798667,-0.00010941360249926794,0.003913836594451075,-0.03245173771783015
1999-10,0.014250315120604045,-0.009318899291440379,0.0038562049394395364,0.05863946722174142
1999-11,0.017888746227548026,0.02109943956752751,0.0039428873164684955,0.01546187405075821
1999-12,0.009307296574176078,0.001198938078669925,0.003961084767865477,0.05344392077240419
2000-01,0.012067481184022701,0.02006111484259566,0.004039133405096611,-0.05500352220520666
2000-02,0.014960714155309352,-0.009506006027056584,0.0039461528450803855,-0.024408142219927403
2000-03,0.014019342676520958,-0.014178023551081107,0.003901570620135404,0.09201989578606866
2000-04,0.024120773007236865,0.003891072171078044,0.004039903940647073,-0.035395820042973876
2000-05,0.014191584940559922,-0.010400927234609293,0.003978092461048921,-0.02691499762467053
2000-06,0.013227806488376681,-0.0067894827518128155,0.003929746467174556,0.019933549204561366
2000-07,0.013283722472182239,0.003231164289207337,0.003954752408951723,-0.021141262202667405
2000-08,0.012476767367856,-0.00797345385101496,0.003915601060103643,0.05569903482594019
2000-09,0.013488755456739393,-0.019593749042410492,0.003996260614256036,-0.058582947656950164
2000-10,0.011915747500429414,-0.004353577178248795,0.003898936806680288,-0.010549495652658121
2000-11,0.011901245588119846,-0.006996547336479355,0.0038765013525508805,-0.0851685602350637
2000-12,-0.007115859106521655,0.006652215977940705,0.0037384469935003157,-0.0009466139396935259
2001-01,0.003434870222299498,-0.008222375777933309,0.003731194577195062,0.029236592238010076
2001-02,0.009658098699906697,-0.005477683404099434,0.003770615593672365,-0.09609068601254742
2001-03,0.008006024862666244,0.0056957707803779335,0.0036165086467491864,-0.06840471958320572
2001-04,0.0026844721661999082,-0.016933567395121165,0.003505536030062045,0.07291435453707142
2001-05,0.00786705203600671,0.007734214543045313,0.0036123188277651366,0.0018901989659533074
2001-06,-0.0014339360718843494,-0.009193330915373176,0.0036096734823552875,-0.027803583316080214
2001-07,0.001266058750874939,-0.030428475791295716,0.0035614936406398955,-0.013772447362833003
2001-08,0.0072595111398934264,-0.0007228040974768422,0.0035349485548765375,-0.06720838569057909
2001-09,0.0024362138457486235,-0.0276156623059144,0.003426778319027217,-0.08452338961520131
2001-10,0.0032410374233074538,-0.0336880272514288,0.0032925032534787766,0.01589902588045409
2001-11,0.00405708415111811,-0.022732023022436296,0.0033117205135808725,0.07347597992036085
2001-12,0.018324953459778477,0.007032772896507346,0.0034185154289640995,0.006073829479134542
2002-01,0.01266548918094225,0.004340193079100931,0.003422550860651289,-0.0169738276078321
2002-02,0.0018821262490876754,-0.002517452547941769,0.0033916003622165643,-0.02206623606441341
2002-03,0.0030319901575419886,-0.012402499344111348,0.0033530278827822763,0.03543886133022508
2002-04,0.00440453777303748,0.021381659824457083,0.0034015692344425527,-0.06291765223681572
2002-05,-0.008737411285389213,-0.005092523846057554,0.003301389141585667,-0.010481454518441445
2002-06,0.016807029663154643,0.03480762084333397,0.003280600538780196,-0.0737647187810411
2002-07,-0.0005071102201521597,0.0011999669807854422,0.0031645684313708266,-0.08049495862842354
2002-08,-0.003079080109667994,0.004815338995748861,0.00303876463128091,0.003481419889866345
2002-09,-0.0019952922816020924,0.01566425578824121,0.003039429278816324,-0.1114134269215236
2002-10,-0.004664741459323471,-0.010543142720028329,0.002867835791259592,0.08503550147800183
2002-11,-0.0026028553953634744,-0.008053180336064357,0.0029908412788145953,0.05586963511560681
2002-12,-0.002349808525817718,0.002172922971399944,0.003069882824161071,-0.061432582157618605
2003-01,-0.0035558787406210937,-0.0010742150848092281,0.0029736104883673698,-0.028414698461048826
2003-02,-0.004126959375452313,-0.0009978643554437035,0.0029268320845679415,-0.017903622764987793
2003-03,-0.00553450741145669,-0.015776728604691117,0.00289583438389896,0.007357605658919409
2003-04,-0.006179308652838089,-0.0001809154811707834,0.0029024640588989903,0.08004411799382216
2003-05,-0.005395911558696306,0.015446829522291237,0.0030169175513840396,0.04999866073376093
2003-06,-0.003711100579112641,0.005537356125704028,0.00308652013387645,0.010332620720430952
2003-07,-0.00412786058023931,0.021237622293369913,0.003097239217584371,0.015513276415839806
2003-08,-0.0036090493821376427,0.015066117153775429,0.0031155790066512185,0.01717319122295039
2003-09,-0.000821217680152463,0.01821058579683305,0.0031363129479731935,-0.012744325949147295
2003-10,-0.0019968820685689437,0.009656580664381298,0.0031129246727197024,0.054261494824141256
2003-11,-0.0023774270836769617,0.022716536341458607,0.0031881431582364986,0.006428513100665312
2003-12,-0.0032040524354157605,0.013819322867235426,0.0031929014107217094,0.04996545076545069
2004-01,-0.003247550061032703,0.023955484179284718,0.0032614828613884675,0.016576422764227695
2004-02,-0.0035964332215685448,0.023190222000795974,0.0032809776489475294,0.011609029908144986
2004-03,-0.002806574107134553,0.021298210497431802,0.0032931531639463557,-0.0172589358394326
2004-04,-0.003669126079253515,0.01678819568999533,0.0032631501143063867,-0.017590829419024987
2004-05,-0.004533039601279983,0.009070087910434645,0.0032327507272315596,0.011483446220536587
2004-06,0.010333418646531865,0.004149861170392337,0.0032447604732189035,0.017189078059749365
2004-07,0.0007751138311479159,0.01120832935638115,0.0032650283766876976,-0.03529052277269373
2004-08,-0.004413703223963158,0.006039761830262502,0.0032090696667466507,0.0011873325345822425
2004-09,-0.004224678693019215,0.0184585874417558,0.00320613961293192,0.008263906397160004
2004-10,-0.0035460846244360455,0.01654274862843673,0.003213459101765824,0.01291424751924507
2004-11,-0.004308171619477651,0.006671996771854735,0.0032274775821379037,0.03709493894885846
2004-12,0.010536399573484612,0.018049980048732577,0.003276348377760877,0.03085812816275073
2005-01,0.0037524716665442593,0.02515731448181007,0.003316091576298327,-0.026890448214403628
2005-02,-0.0038554991814901546,0.006044281903378178,0.0032726289291174606,0.017303383646414306
2005-03,-0.003160307083717792,0.01859455063673352,0.0032927880594584044,-0.021217647058823574
2005-04,-0.005047599464465997,0.003601407424153856,0.003257622442359004,-0.02220858977291019
