,Dividend Price Ratio,Dividend Yield,Earnings Price Ratio,Earnings Payout Ratio,Stock Variance,Book To Market,Net Equity Expansion,Treasury Bill,Long Term Yield,Long Term Return,Term Spread,Default Yield Spread,Default Return Spread,Inflation,Invest Capital Ratio,Mean,Median,Trimmed mean,DMSPE theta 1,DMSPE theta 0.9,Historical Average,Equity Premium
1965-03,0.00816810332924793,0.005800084957662904,0.013279286786500623,0.02224669513236568,0.016016048956607527,0.0067114748338936644,0.022239409588278802,-0.011281376485671096,0.008419534522509646,0.02272145167548745,-0.008318834504410375,0.008900117990749107,0.02364671338328301,0.02303608265452366,-0.011286211342511399,0.010019905431901144,0.008900117990749107,0.010610621495211194,0.009669023071356505,0.010170440975665275,0.021547654316474305,0.007037168141592885
1965-06,0.008239022149119035,0.006348363256590744,0.013319943175225543,0.02168103697735848,0.01567176162574443,0.005148024522955139,0.023576663918765405,-0.011878255970436312,0.008489630303553132,0.022964132697549947,-0.011954300659846623,0.008318532237514928,0.01978928137649442,0.02281080570711799,-0.02499044575016668,0.008502279704502637,0.008489630303553132,0.009919075184533914,0.00800722635513083,0.008260542210825068,0.021343281271757664,-0.03350188022284109
1965-09,0.008488072254474482,0.005190520071745808,0.01321289838768469,0.020486971119221015,0.01839938685570899,0.004591257494777554,0.022410088406054303,-0.010683619710504764,0.006718902884533015,0.0219432415758681,-0.006868763286355207,0.007369517667298275,0.013252465142546804,0.017005324050827112,-0.033274068669951085,0.0072161462829286056,0.008488072254474482,0.009162013423678913,0.006905883880858714,0.007744166853213339,0.020581542917666017,0.05992463147883959
1965-12,0.00836296728797968,0.008665854444995374,0.013568570164141674,0.020638693082642923,0.01566654900180277,0.0038465355541376367,0.023971826780122944,-0.009225600445019869,0.007492462525626589,0.019247462550924365,-0.005338205665719718,0.009946190156488975,0.021750165155438067,0.024948271211724694,-0.02444540059787695,0.009273089413827278,0.009946190156488975,0.010661036199504724,0.009015463645828429,0.00986423871556206,0.021120489336312227,0.017656647398844014
1966-03,0.00851183485451043,0.0072567551203061575,0.013972194844541687,0.019822854804853227,0.014999790946802411,0.002954776966494564,0.02235207760254042,-0.015556492399824831,0.005842162513757389,0.016964186921078015,-0.01628662914934248,0.008050696800898382,0.01690054488054461,0.020087893553714743,-0.02312449891974286,0.006849876622742124,0.00851183485451043,0.00796312081987187,0.006424369562333467,0.006875312446347912,0.021073680661481575,-0.04557079411446506
1966-06,0.008820007298810217,0.00534881653632735,0.01392175248820722,0.018590759975777797,0.015583291795042139,0.006118159313274994,0.02207901021016295,-0.021418166182266468,0.0020013306309454026,0.01703551852692324,-0.02256430153722068,0.008131794560886692,0.013198597550902113,0.016833005737703192,-0.03284406013905963,0.004722367784427768,0.008820007298810217,0.006276966668870247,0.004072245616632542,0.003852160443591979,0.020185087664468956,-0.06179439930516649
1966-09,0.00969096635463182,0.005521667019583093,0.014188473671630758,0.017199406115531675,0.018166433166571735,0.00714442990849757,0.019019686657091743,-0.022841491413953856,-0.003902304249834662,0.013521824846726796,-0.013637410837608136,0.012170003165547963,0.030376150534137947,0.015645248877246175,-0.03740837737426084,0.005656980429435985,0.012170003165547963,0.0070682256370509745,0.004775232303488017,0.0033904943336313816,0.019106410204342176,-0.10778056407835725
1966-12,0.012560693269137502,0.0060666299605885154,0.015147557658326441,0.015958444599038973,0.0255361114815605,0.01162054550599348,0.014739419632426412,-0.046739563058175004,-0.010507696389796317,0.018964172432299753,-0.057059283996793594,0.01604871554370633,-0.005136602558782455,0.013790281881501495,-0.04616341449658762,-0.001011599235703706,0.012560693269137502,0.0012576295368982701,-0.002051938744706761,-0.0017736466661548403,0.017458527421449974,0.03581742424242409
1967-03,0.010538074013623305,0.011123827058468705,0.014320717334545138,0.015493511541980476,0.02018225469231564,0.011036558555184331,0.015505722650165945,-0.03044726816854547,-0.003558050597172166,0.03443817074416558,-0.039553243269742,0.029403093917770257,0.015068696504578235,0.01688539880336273,-0.03139211699883723,0.005936356452124232,0.014320717334545138,0.007243109177495376,0.005565803710876676,0.00751922526407737,0.017693897893513746,0.11046816880368479
1967-06,0.007889314901083994,0.010928104025917679,0.012213395724185408,0.018246327254695778,0.014055268702476975,0.009666500761090012,0.018284823602259505,-0.009268099513712415,0.0011520273771073591,0.02250436892928666,-0.003326712199557328,0.026308052198832352,0.028555617182807524,0.020741945508843652,-0.01141208296857349,0.011102590099116244,0.012213395724185408,0.01149194748250074,0.010892558282751744,0.01161460233547991,0.01886825575313616,-0.0057719512195121905
1967-09,0.007385446063121748,0.005359297404493951,0.0111565289242012,0.019003451310112,0.01748066490053258,0.009776676725506521,0.016558892359664977,0.0015586881283107187,-0.006799615239391918,-0.01227257721247934,0.03728112588548869,0.02500456769915587,0.021523469552885206,0.015211491213639607,-0.007611765692705386,0.010707756134835761,0.0111565289242012,0.010431368719194391,0.010844977926151711,0.010831414139987368,0.018560253165978056,0.05811822594880847
1967-12,0.0062284827920997266,0.0066668976461670415,0.01033304580987178,0.02009283260566575,0.011760222219711106,0.0064977662505000325,0.020009601648230374,-0.009614724488699003,-0.003923362785617286,0.01697524098972036,0.011849670509519131,0.02857973544149915,0.024402543107601985,0.015905373314567657,-0.0015227456496599845,0.010949371960745188,0.011760222219711106,0.011175043727567512,0.010837415959543701,0.011186564693472392,0.01904862320033399,-0.013531646158618457
1968-03,0.005813440369505235,0.0033337398521540718,0.00997326695631233,0.01939748277863109,0.013881835741180182,0.007330260240575044,0.017399763603634523,-0.01766731229301685,-0.009653955173111725,0.003118357738352572,0.0061392839944088146,0.026996775866136892,0.017547964511008166,0.015553076686192026,-0.002986497172776853,0.007745165579945703,0.007330260240575044,0.008219078471235807,0.00757951210307126,0.0075597642340359105,0.018651302842297983,-0.07741929874572405
1968-06,0.007093684244906029,0.0017623133011398229,0.010495185546322297,0.01773878764639112,0.016128674894764626,0.010209801967197327,0.013192119502331581,-0.024614960867004383,-0.015962552786453685,0.019290284384244703,-0.0008532248767457156,0.025054642267747722,0.0214376017073394,0.011674095967918173,-0.008800480557132118,0.006923064822864459,0.010495185546322297,0.007954330072478734,0.006807196295360992,0.007567679958162916,0.017493825714731452,0.09106613082039912
1968-09,0.005196413667924754,0.00759081605436146,0.009890442577265235,0.018148037856085486,0.016314783788587625,0.007503475222645613,0.016632740697222797,-0.021352057124803397,-0.004304315193609423,0.038905047828731346,-0.018825739090878334,0.029808153620960617,0.0046291244646013766,0.01321604065221904,0.0002773528145822435,0.008242021189059763,0.00759081605436146,0.008159794394766808,0.008061444982679787,0.009125129915735893,0.018369686489798927,0.01723032737497502
1968-12,0.00479428338524393,0.0040065948542922225,0.00965958485095711,0.018011347898359543,0.012260047561074754,0.005364101385704471,0.017607679445901716,-0.014323089334516259,-0.0026586843612176753,0.024183771339513233,-0.007348149619892034,0.03159662533257368,0.030674608037977447,0.013396061368296153,0.0008726852800066687,0.009873164494951663,0.00965958485095711,0.01006337934047827,0.009686667952680925,0.010313333937188847,0.018356282264918644,-0.0013844672250900442
1969-03,0.004701403856108566,0.0031028752386144665,0.009582304072877912,0.017581692157812155,0.010328040114674655,0.0047493438173081826,0.019706230286592193,-0.022828529006509432,-0.010217788118624088,-0.013755737993722334,-0.010258566384591456,0.02796290961530794,0.022327828413681725,0.013255602693023286,-0.0012995857839884772,0.0049958681985710195,0.0047493438173081826,0.005369510951520522,0.004840998366838179,0.004988204293954532,0.018126738666197614,-0.03752661274792987
1969-06,0.005041825427295282,0.0019902404088270043,0.009544536218105207,0.016909356013879204,0.012673764773252674,0.009657620475981246,0.018145545906167678,-0.024808357762482275,-0.015253932568933468,0.009249813785991368,-0.0062084662814570245,0.01906641842406964,0.015104046179865875,0.007607717445905214,-0.004424068739374287,0.004953070647139555,0.009249813785991368,0.0061567691573466135,0.004752693220402169,0.00476124416328354,0.017487044971782353,-0.052484735494040084
1969-09,0.005920491490894547,0.0021994533489614054,0.009637369343269558,0.016405452446955304,0.011686088132015451,0.013320294934947186,0.011192166610155607,-0.03244942474427817,-0.019036372133933152,0.021214339338896,-0.020514685761310995,0.02190840281199503,0.016453428289194966,0.008811942642736388,-0.00552487559972531,0.004081604743384922,0.009637369343269558,0.005520391775619766,0.0036822354089995953,0.003186517293350381,0.016691911102852553,-0.06307574455019949
1969-12,0.007199823072088357,0.003016529760933473,0.010237352577287473,0.015404628124374903,0.02037239364852343,0.017574126788988877,0.00044275268727442946,-0.04399884733865878,-0.030630612904153212,-0.008871629681387428,-0.02651370187652949,0.03163508618905266,0.023924457525271843,0.007545314626584764,-0.009054758745979746,0.0012188609635781036,0.007199823072088357,0.0023574365848675134,0.0007285910257880378,-0.00046756553542569356,0.015795645308998036,-0.029108161512027563
1970-03,0.0073415306067821096,0.005054674395622377,0.009450660453066057,0.01598307806582084,0.012982145309706667,0.018234656335657407,0.007367269550920423,-0.05208555568643851,-0.031921034451492,0.016191098749984572,-0.04859311696727462,0.029843472049417185,0.002182864708517189,0.004082969865111377,-0.0058196283266254145,-0.0006469943560816221,0.0073415306067821096,0.0009643975612151541,-0.0013905268951870634,-0.0033274959619882727,0.01529671412209775,-0.045945828807299624
1970-06,0.008027545604416153,0.005027537050128289,0.008690799041322778,0.01669773546006918,0.01498144613723281,0.0220242785739267,0.004306113451722646,-0.03573720507220239,-0.029454287475095528,0.03628377552614334,-0.016066212439487984,0.020543579444995717,0.014458294862272562,0.0062034340226765385,-0.0027405126061163243,0.004883088105466965,0.008027545604416153,0.00559228854831258,0.003944808752420755,0.0018247739441352823,0.014623719144851626,-0.20523950965078652
1970-09,0.016277018129841198,0.0036394660839500215,0.01267236679004996,0.014635207973903597,0.05000341779205639,0.02969635980243812,-0.012147824334821207,-0.048553387999797554,-0.05257600711013896,-1.5904312145854915e-05,-0.005240720604143524,0.015405631231727286,0.012158144918560826,-0.0009434246698332843,-0.0027773416431576547,0.0021488668032326234,0.0036394660839500215,0.0026773531820439953,0.0019593337296320438,0.0021667056434931417,0.01223390144055121,0.14130330033003297
1970-12,0.010076226369446217,0.01707378995972214,0.007586720417423157,0.018138989320614116,0.02414145269865787,0.023558504115104358,0.0021240565219233024,-0.028461139825064465,-0.030191063254716113,0.02229355034687009,0.0072313936922552315,0.0346862923661509,0.023834046669215986,0.008748101388058665,0.0015447094191510247,0.009492375346987499,0.010076226369446217,0.010606953930259823,0.009341137309130181,0.009709896178995226,0.013621744439362843,0.07898808930055821
1971-03,0.005271983401480634,0.00880889242809424,0.0037420971199457753,0.020943147233426163,0.010679827871731015,0.01636601519036831,0.009691014313407104,-0.008577321623655099,-0.018242102124360664,0.026227755313354358,0.04259127708826823,0.04989739812095855,0.027007014501631954,0.00390862119935588,0.011772715305324088,0.014005889022622035,0.010679827871731015,0.013725618410979436,0.014090531594584071,0.01455228267995694,0.014317131086822367,0.07637627509495375
1971-06,0.0014379703507821084,0.0041832658187705984,0.002804797139387763,0.020849388935041145,0.006086241711180095,0.015472512439964774,0.013909291446836844,0.009949533044609486,-0.007091130746207437,0.03657975136849982,0.07902006579408195,0.04412676462634821,-0.010879364389579005,0.01637417745517221,0.012910610519947241,0.016382258367655722,0.012910610519947241,0.013661013393102526,0.016594486530809686,0.016297611623077118,0.01497038523427638,-0.014531148439836536
1971-09,0.0012885713434087065,-0.0009166956921637659,0.0032836647398328117,0.018845129403583464,0.007360732335401693,0.016305306786698906,0.013073710455481856,-0.00549586134174436,-0.012359684958337773,0.004943463982253501,0.04129752248884951,0.032467026570968005,0.02223931919141741,0.005503741444938617,0.012058114865738101,0.010659604107755112,0.007360732335401693,0.010073555698908842,0.010715541660770394,0.010630583615884412,0.014663077591837706,-0.025515922768304864
1971-12,0.0013532745741349217,-0.0012370328522466612,0.003909394459564702,0.016855518015773934,0.016515444289616165,0.016216464106915768,0.01222707054068627,-0.005267887044331378,-0.008480594475418005,0.02900585554888914,0.027542933064177943,0.030333373474027734,-0.0015198281893988325,0.015882967164480052,0.012823922438046892,0.01107739167432791,0.012823922438046892,0.011100622778177608,0.011062474143956249,0.011034477275616524,0.014248861093279535,0.026408007931665742
1972-03,-0.0004885993348116568,-0.00031741894894415923,0.00469240944406954,0.014002410041951067,0.01782868315322024,0.016056930445409283,0.008715695475938347,0.002882306665275662,-0.007087551961588695,0.01688556632837641,0.04937564173359674,0.02941529305484933,0.031715592589268246,0.013337813001292706,0.011122253907731888,0.013875801706375666,0.013337813001292706,0.012757610447971302,0.01397808996309509,0.014014989597935653,0.014372934020201842,0.04002887403271633
1972-06,-0.002156832814874471,-0.001584758812941428,0.004288504059213577,0.013236723922181441,0.0047207005244741355,0.016545883489887336,0.010767972670127458,0.006444309829863111,-0.006947066986075508,0.012297501440297945,0.06327327914191788,0.0255656407898915,0.02147906862084701,0.013669085141400824,0.007527851097176935,0.012608524140892518,0.010767972670127458,0.0102155115351958,0.012723826634076587,0.012267548568647788,0.014632084929419161,-0.009884701492537368
1972-09,-0.0023032097612342983,-0.004376006474712452,0.004976139472322241,0.011506398494187949,0.005597934482136562,0.017262203987100676,0.008960703645086523,0.004283784925690051,-0.00648247776418108,0.01846003326552435,0.051693782800663335,0.023456030067018043,0.008924928659154764,0.013489003732776741,0.006415409684424667,0.01079097728106387,0.008924928659154764,0.008973334936882755,0.010869619296681721,0.010492816721160042,0.014386917065199597,0.022052515400410623
1972-12,-0.0031638634756761264,-0.0035621118418100173,0.005147019038951581,0.010304358349984964,0.0065947968100782545,0.015290901763971382,0.010021738358065954,-0.0036283580586304945,-0.005384838952594916,0.016943764978096694,0.02829112386791721,0.0202537856988739,0.012555404633379754,0.01101097759500419,0.006045619715898842,0.008448021232100745,0.010021738358065954,0.007985694889706836,0.008458606395624211,0.008498597666231787,0.014462814078419506,0.056192605156037904
1973-03,-0.0038059982312179386,-0.0026714388451351545,0.0052965375474724186,0.009946800743181224,0.008367354169198512,0.010617331887891122,0.010281285999082651,-0.0067694712586819986,-0.0027034981036909503,0.018873288236833714,0.0145924426609051,0.020206070147537024,0.01979923339188925,0.011610524222528291,-0.00010277390113888618,0.007569179244443625,0.009946800743181224,0.007700083829061489,0.0074484058406882854,0.007386585086927282,0.014871929677219687,-0.06799054426090646
1973-06,-0.0023368033834482715,-0.007282297425862283,0.007968943600901099,0.005381109119633486,0.015750437097863113,0.01971897754656761,0.006921976400430539,-0.019417633982054684,-0.012801271018760038,0.008186152875522663,0.009379559365628112,0.015557424044273049,0.0234809038205595,0.00043405160496714015,-0.00707434870959156,0.004257812063775299,0.006921976400430539,0.0046003008552403584,0.004116890519540514,0.00379989704931905,0.014067439638985452,-0.08032543041606884
1973-09,0.00041416835768831595,-0.005161189125043708,0.011465673593057155,-0.00073935508206973,0.033900552969844726,0.024026749012517834,0.002451743154118044,-0.03462713374423325,-0.018694319329961323,0.010045466712732227,-0.017086574059322335,0.015163062477323016,0.01409257784588442,-0.004329318652181481,-0.013804506700221597,0.0011411731620088207,0.00041416835768831595,0.001372629092655449,0.000980440507640536,0.001143950053139691,0.013159815888456085,0.02202116343755985
1973-12,-0.0004946371867319832,-4.393490651322107e-05,0.012367187943592164,-0.00278447572434333,0.017774378041576444,0.018923961086287383,0.006619902908823687,-0.042951543593948704,-0.015784694303313224,0.018216367887552296,-0.04965004127202374,0.02220485800573281,0.01127776262948944,-0.005603424131357046,-0.012787832702803287,-0.0015144110211986873,-4.393490651322107e-05,0.00036377061140851,-0.0021237435075184457,-0.003249673339662247,0.013244209674638024,-0.12106623397583705
1974-03,0.0052378708575444854,-0.0022647908035425546,0.017018243692116367,-0.012805090102576203,0.05466658197449886,0.026275638425877178,0.023256929812854484,-0.039704557479539555,-0.023617270868463117,0.009856826616723552,-0.022675039199862752,0.014049139767775868,0.010539921738210873,-0.009496253903488218,-0.01420312944501173,0.0024090014055411705,0.0052378708575444854,0.0016286920452429415,0.0018461750757175859,-0.00028274283366257495,0.01197713001755807,-0.05522161711942586
1974-06,0.007685740830090354,0.004249638745022016,0.018374768967933705,-0.0165126550614908,0.027243121923659724,0.031158099525580005,0.022741756006275197,-0.04686078004065127,-0.031875921416381445,0.0019503714224568466,-0.021743561417853555,0.009808726862798567,0.012427419962575362,-0.02983771139220727,-0.011510053499619921,-0.0015134025721208325,0.004249638745022016,-0.0005383352359031694,-0.0022882213398639386,-0.005459634205312002,0.011349104343380653,-0.10481168333688026
1974-09,0.012678402963999524,0.006399597581130012,0.021200446424757727,-0.02600954563068865,0.02051284698483552,0.03106658662337706,0.01870007319111535,-0.050038487070634366,-0.04037257152576916,0.006703202837591788,-0.01215321507753572,0.012396590167443072,-0.0054606246490786076,-0.020312097179540724,-0.009587846945111972,-0.002285109420273943,0.006399597581130012,-0.0011772877582193716,-0.003480921146012552,-0.006250443050755595,0.010273541494489348,-0.28091279069767444
1974-12,0.02832405784804351,0.010798714850659447,0.024102692432658786,-0.04830774169201606,0.04094702122366325,0.030950222109478873,0.003327145764592721,-0.06697343885170379,-0.06134254816929999,0.0056180725351113745,-0.013367353778166757,0.010920615196577384,-0.016259427595298016,-0.04794496281313955,-0.007890519079480462,-0.007139830001221285,0.003327145764592721,-0.006236233260790673,-0.0082592694282406,-0.01061948954941802,0.007602107254194267,0.058855350960025254
1975-03,0.024843142593173773,0.0304730559608343,0.02302371617704669,-0.035692591593935535,0.04457989186174438,0.03419147546314415,0.0069270254479280565,-0.0462490317105308,-0.04146296240744915,0.03698504194071577,-0.0071798713146607185,0.02477213610434557,0.003538809352827156,-0.02685667394870679,0.003077965648580927,0.004998075305003851,0.0069270254479280565,0.005895405340295709,0.00471951734787655,0.005177721495349497,0.008068045833338184,0.19799431155192523
1975-06,0.01691967946534831,0.030200632675253886,0.020556170808303353,-0.013320220676948782,0.03255240164033568,0.04026913585742149,0.011113865781215291,-0.015991988740259477,-0.03726106470388618,0.011208909010671054,0.07586550887430107,0.0614207529383807,0.03561278808688183,-0.0019728169355189284,0.021662036441534638,0.01925571936820226,0.020556170808303353,0.019248565104047616,0.019716061376122907,0.02074394452366785,0.009779093272244375,0.12818958733205377
1975-09,0.010277032490974475,0.018655808031276144,0.015257059831369463,-0.001439262748831896,0.020312309035906473,0.03232128179503007,0.011474528790177765,-0.01153776120125579,-0.026078019565884063,0.02341664234853077,0.08094172419016724,0.07567749130895904,0.012994650262296958,-0.002539043468009452,0.030575849296265667,0.01935401935979819,0.015257059831369463,0.01811127582866844,0.019312582592639387,0.018958011065653587,0.010836329826349815,-0.1322700546275868
1975-12,0.017120018934548453,0.007818370564116578,0.0173731231798335,-0.001339524976949516,0.020406732731729722,0.03616590208534332,0.008425201886190387,-0.026482846993470928,-0.03723040178253015,-0.003493475657782465,0.048898255606667475,0.036673050490044476,0.0025690509215051567,-0.007185186992963943,0.027417170857383794,0.009809029390244391,0.008425201886190387,0.010420583617656042,0.009926486135528411,0.009960177352780297,0.009569901645341527,0.05930471563133412
1976-03,0.012337793694799093,0.016582914081677003,0.016190222096429188,-0.0038270912815725477,0.013456524228826997,0.03111870959557521,0.010316574035981987,-0.012927196192713049,-0.025649417108698183,0.03909773309142402,0.06172351649488653,0.04243404737394351,0.021049478102261737,-0.0026315641477703683,0.026986089703564586,0.016417222251241047,0.016190222096429188,0.01616801802941749,0.016649926208730563,0.01723343831515411,0.01000617194346427,0.12588331300587657
1976-06,0.005033489213388032,0.012652282801347031,0.01564910325655787,-0.008559693715900624,0.015280179063015055,0.024400769233937136,0.014280144155696436,-0.005785511912708527,-0.01740902903061612,0.023355944742907697,0.0749565954721304,0.04500677399745261,0.01803400618867087,0.012360272106902352,0.02532937930279608,0.016972313658371752,0.015280179063015055,0.015156702956466308,0.017196737213799523,0.01740177422828121,0.011013799257050464,0.0021930037948818086
1976-09,0.005279913673743752,0.004609722448450149,0.017441262065584134,-0.012361592303380894,0.00780351213680045,0.02378443800299275,0.012781012958107678,-0.010060905189673314,-0.017735492847385827,0.011150129244298587,0.062484007481144736,0.02980847110449836,0.007012694127331795,-0.00022500572145743927,0.023931155796252712,0.011046888198487174,0.00780351213680045,0.009304216026426825,0.011241441040032106,0.011293814266922334,0.010937757916859355,-0.0043190161104717986
1976-12,0.0061334337774851255,0.005172174542523306,0.018051481526311003,-0.012686479047167507,0.0039287294307343516,0.02436023226982373,0.011039842220683882,-0.006442999860029379,-0.015156095247151391,0.0284019899355346,0.06125365254563294,0.02000381432351675,0.019130051796581705,0.0025549678073718864,0.02058444401677853,0.012421949335908634,0.011039842220683882,0.010787052518472923,0.012578980508434381,0.012669583932779865,0.010807358138847978,0.00839464082098067
1977-03,0.008090721835759068,0.008154480394853114,0.01853923258298898,-0.01047137616809729,0.007969195915213912,0.022963898344874452,0.009513534010425404,0.0015184329151377851,-0.009799954586312276,0.04286826903515261,0.06220022793435578,0.023982450470104832,0.0083968958496676,0.0077763647683265005,0.018089388360501224,0.014652784110863447,0.0083968958496676,0.012927916145899478,0.014654297632191936,0.01417841177430881,0.010786911381916899,-0.0949993253303554
1977-06,0.015189200818837484,0.008211843244113864,0.020902072503657956,-0.0125444431529311,0.0009915306781637118,0.029557913806841085,0.007775196210706631,-0.0021467386362852836,-0.016230582327852162,-0.005408087412505147,0.06009135551531333,0.017814977153873035,0.018207236184033908,-0.010119851107523857,0.010857097050829129,0.009543248035284838,0.008211843244113864,0.007637534410908571,0.009631896918784308,0.00917579641575502,0.009897951409544864,0.00943070514123152
1977-09,0.016384833124119064,0.017357773771126128,0.02115752423004269,-0.011092952193315284,0.003415233027056437,0.029275825649295886,0.0072099418502425405,-0.00654488432258564,-0.013950746724244463,0.020660621681433584,0.04363296579780201,0.015871239208690095,0.010396307129686845,-0.006574976457586576,0.006778191906893244,0.010265126511910437,0.010396307129686845,0.009561129123469155,0.010244626990645848,0.009787655950650644,0.009894057690642251,-0.05186130573248409
1977-12,0.020395536912914014,0.01748247878104031,0.022227781076779127,-0.012103577772978047,0.0002458254831052848,0.033231162348639626,0.006156611360688718,-0.015764349861111415,-0.01590518530364933,0.010370010221061203,0.026143582944616377,0.01274553261184171,0.009057663075075257,0.005002448539326385,0.004112931529468816,0.008226563463121202,0.009057663075075257,0.008159421146294442,0.00819189407703769,0.007825319758126602,0.009383682786318893,-0.02933904744638981
1978-03,0.02316236705600333,0.02246507212605589,0.022233943782048668,-0.01060757272616697,0.005297859050941536,0.03222281323442441,0.006466430089245724,-0.01887944210836781,-0.019519240854918907,0.0009805979011691963,0.02788645592384425,0.010043628747785686,0.014816994844832282,0.004884810162456017,-0.0008235632164056428,0.00804207693419651,0.006466430089245724,0.008302121664110935,0.007967335862493307,0.007253558300342147,0.009066283358181937,-0.0771098054679285
1978-06,0.02747761139679844,0.02419755994569403,0.022082276982746257,-0.00978080154823266,0.0019205484863930554,0.037721068531753436,0.0069369087286405475,-0.02260157352052647,-0.023983382981250412,0.0025247338485833303,0.027144396918187354,0.007895693181112688,0.01501582588660142,-0.009932519847265214,-0.0008094829234949197,0.007053924205716058,0.0069369087286405475,0.007082398271941374,0.007019702819148367,0.00662864906607431,0.008365664749839576,0.05511907577625828
1978-09,0.025109300286817404,0.0305960044125842,0.021688226443764377,-0.00887199957277185,0.010500270558995425,0.033312948029374956,0.012824621681315157,-0.025581175180193122,-0.023667656318422617,0.002105463345100215,0.025743163864594253,0.010847149269902965,0.008733131173358477,-0.01903668869757972,-0.016440544942932733,0.005857480956927158,0.010500270558995425,0.0061638801157481195,0.005831386587824325,0.0059820365764362195,0.008742708387149405,0.056555090024076195
1978-12,0.022497420451310784,0.027819100225151827,0.021168792465173433,-0.008120483794754219,0.005711088634834206,0.03050757205710193,0.015581542195936732,-0.034898126737504684,-0.019899428022826078,0.015603781710031881,0.003335555412813539,0.008061589906539315,0.012321492511076913,-0.005127579927424138,-0.02005020540855837,0.004967474111926871,0.008061589906539315,0.006069435873792755,0.00476051765476652,0.004443992253087897,0.009125207440244818,-0.08233223620050723
1979-03,0.02575762840115653,0.022098908944658463,0.022838983903874184,-0.015400196108664554,0.025505191961261345,0.03077685001791884,0.012294490858118533,-0.05009778789147744,-0.025367799572228594,0.0016049038172917356,-0.014311208418571274,0.008790019018628963,0.002244367681147434,-0.003973944279395545,-0.026160417394856833,0.001106666062590786,0.002244367681147434,0.0027631483701861833,0.0009662447165727816,0.0013489862469819602,0.008399354712937263,0.03431800020809489
1979-06,0.024045922836996497,0.02830696298069571,0.023715921707852097,-0.018655385999152493,0.004112456827351044,0.03018614319185768,0.01405813346152628,-0.04889413314695039,-0.02301564364103012,0.012395652561727448,-0.020178140901772914,0.012198564906164224,0.005543860276864391,-0.02058384308069868,-0.0264020254853152,-0.00021103690025896146,0.005543860276864391,0.0011955720347083287,-0.0004229828474907385,-0.00015174357230660573,0.00860343853573378,-0.01070659513731681
1979-09,0.02438233844831386,0.025770160335339187,0.023794096143862693,-0.02055378745440381,0.0016264373112661618,0.02972742643457423,0.013244210138729427,-0.04242030593875552,-0.02067909680182571,0.020962721029758245,-0.016632849050520773,0.017772647269081687,0.006174472162881026,-0.026392671710158085,-0.021556277054015666,0.0010146347509417957,0.006174472162881026,0.002147107751408326,0.0008623065633411536,0.001738612552855216,0.008452578897663071,0.03963743562336025
1979-12,0.022834752023739413,0.02719430450828375,0.023834711099137637,-0.018932322623318357,0.0034849625918332884,0.027666650459269367,0.015029176607790538,-0.04857667925346674,-0.021799011166873224,-0.0012089669481585037,-0.028035674201537228,0.018429070734479212,0.01031789065296931,-0.017651117360358768,-0.023650121160531223,-0.0007374916024494351,0.0034849625918332884,0.0007575119044196804,-0.0009206331404860843,-0.000507332087559733,0.008694321973056073,-0.038273490669593783
1980-03,0.02428955200843022,0.02392316324676627,0.0228834699124199,-0.0190165400192248,0.013933145597055205,0.027645048095841614,0.012948882750015206,-0.06333596225366465,-0.028388188049688,-0.01048304957120835,-0.04577078338804405,0.023622785379622053,-0.015077807471671718,-0.01414438779707471,-0.020749006972894196,-0.004514645235554666,-0.01048304957120835,-0.002463751105807461,-0.0048498091020896285,-0.00602172343178304,0.00833303110657415,-0.08429677598665918
1980-06,0.027339805930887168,0.02493604913598932,0.021683934039662227,-0.02214715604598755,0.03170823124321789,0.023837823552039412,0.009989879163066564,-0.09369851502268928,-0.048304690414808955,-0.047841290918154325,-0.06648881968144181,0.02408430198928146,0.017419940047457658,-0.03742847365476242,-0.021084982198918162,-0.010399597522344052,0.009989879163066564,-0.007231052235053029,-0.010206516615733323,-0.006881707891596547,0.007625933342503666,0.08101263590949162
1980-09,0.023195274644259606,0.030841806376198877,0.020417242637472348,-0.013627225778768778,0.01879454424159301,0.021890345980520528,0.010671697428797963,-0.012450886124022766,-0.02225858249749918,0.06288981687742042,0.03892462039416444,0.043605226496119726,0.005705233545775475,-0.015036416863025107,-0.003902120445344215,0.013977371794244157,0.01879454424159301,0.013002257117980085,0.013943878591515246,0.01507607883611189,0.008181893210435394,0.08053928571428581
1980-12,0.019677739158721508,0.025848726889306395,0.018860141470453333,-0.0073855514107311615,0.019999765871500323,0.020168867435063454,0.008789233784569939,-0.030844807508007978,-0.026599734694704474,-0.02116097137173444,0.01844381084619716,0.03510567994782053,0.012171029660034926,0.003701660979835094,-0.0016634593076723936,0.006340808783376815,0.012171029660034926,0.006988558408526128,0.0065544045882478495,0.008397187865510657,0.008725933755577127,0.05642287980232752
1981-03,0.016187970925515577,0.021040937486310363,0.017697483194093366,-0.005691878418374027,0.03002580460530137,0.019311548517360413,0.00808812221592646,-0.05606252950334941,-0.021120416519133482,0.011604750301647022,-0.0619036740542484,0.04409620594767262,0.0010622182524255078,-0.0060045886378977155,-0.0029925793404785295,0.0010226249981847423,0.00808812221592646,0.0025497571599497624,0.0010722277093451122,0.003236005807249665,0.009081881114134965,-0.036957174425456533
1981-06,0.016774047082983023,0.016550154094054692,0.016488333419961955,-0.0037346452189298343,0.016825172166453677,0.020039848991496405,0.007308690256699002,-0.041859208108501376,-0.024424355166850847,0.003813778509029078,-0.018704997081980958,0.039311111233013306,0.014957870057508139,-0.005086600860997093,-0.005052978201958852,0.0035470814114653554,0.007308690256699002,0.004288793695959106,0.00351967814020478,0.004306799711557119,0.008740851073100955,-0.06862058823529406
1981-09,0.01912874398073866,0.01681558808787484,0.016976684962973963,-0.005795511322064177,0.00391637891149268,0.01943273794826538,0.006645879084237066,-0.051882505047395736,-0.03041377153841137,0.004643540823386567,-0.03290161116953109,0.03063492697144142,-0.0006549280009802566,-0.004743568774093751,-0.007451176323611336,-0.0010432394270451424,0.00391637891149268,0.00043069128232901393,-0.0012705794609130404,-0.0023150130248874266,0.008172016960539225,-0.151374195945431
1981-12,0.025231516249888813,0.018795750791652688,0.017289613294315595,-0.008250274870815713,0.017502202730686988,0.020544197104603885,0.008186214120836664,-0.061340632523194466,-0.050408747193332486,-0.013556125319394543,-0.006810777756365451,0.011059577508796766,0.003122424255610099,-0.01278438047545415,-0.01155553446262575,-0.002864998436319404,0.003122424255610099,-0.0005281430978065694,-0.002851239494622087,-0.0030782549950515263,0.007007446063415356,0.018078714064382835
1982-03,0.023073028316094923,0.027397791824014223,0.016327974525431874,-0.006836432594104783,0.011457292861857,0.01936282319527238,0.012679598906690775,-0.03153601048577617,-0.03564232830683065,0.03720776477987557,0.03512828231739713,0.017392166209192268,-0.021915615166895917,0.009220485058024292,-0.013500139899691677,0.006654445436036749,0.012679598906690775,0.007557788082115871,0.006418211865356825,0.0047449489668443855,0.007087672643132511,-0.11353870869033049
1982-06,0.026428210679528774,0.022718677054835906,0.014816535584268938,-0.003945348984762995,0.01914205481419696,0.017575137707824054,0.011807923770456252,-0.046178387254733125,-0.044179842637987965,0.01119280103941174,0.010786667063069615,0.003538963597209131,0.007628358164212869,0.011696332705250083,-0.006096531606850059,0.003795436779728678,0.01119280103941174,0.0058985944823949634,0.0036733932024967633,0.0020835615513021075,0.006219856950086015,-0.05268963915684171
1982-09,0.02645781689744814,0.027455861514572327,0.013027203607259272,0.0009459450041300749,0.0055408908877771605,0.01389923599658657,0.009997001995449213,-0.04519840794729997,-0.04628066194085995,0.0070685767652379095,0.01765764422450189,-0.0007342547998775689,-0.0032549817154248492,-0.010383038479658005,0.004309082913089041,0.001367194328195417,0.0055408908877771605,0.003025593488401452,0.0014221108770125397,0.0010135523493483311,0.005799074835036532,0.06744738846820536
1982-12,0.02294061487704832,0.029819896508805288,0.01178301860909893,0.006143199278106123,0.03440784069661473,0.014424718952250077,0.01336643719757227,-0.013466110500112309,-0.02652703469222125,0.028738621118319572,0.05483688225185274,0.002872383039851707,0.016151233201923493,0.007552120341215766,0.014184599803974296,0.014481894712286648,0.014184599803974296,0.01453219793266679,0.014743792945699122,0.015629556466314774,0.006236296917541275,0.14811230692575975
1983-03,0.016767329146598953,0.026753050393427957,0.009228774308688709,0.01398400728954833,0.06254918879221384,0.014085870906913059,0.01931245750683501,-0.011204174917594255,-0.015828579737814596,0.02474829748961767,0.04430320081415381,0.017779163501214477,0.019220691724718346,0.020369338565914257,0.021482251268250374,0.01890339113684573,0.019220691724718346,0.01821771215371436,0.01918590052805792,0.020325877243932203,0.007235423748585067,0.06774954493742916
1983-06,0.01295635510834936,0.018001052712288024,0.007680263561478842,0.016675557436115505,0.023721282040116247,0.009756069442445017,0.01937815580668295,-0.012194179104136615,-0.0128070915652931,0.0074148069349377205,0.03542701144825647,0.017283404046873913,0.040456300052594985,0.015108413149481158,0.027340236623383307,0.015079842512904921,0.016675557436115505,0.015272956092790144,0.01536475760586899,0.016623286404713715,0.007658599421234327,0.0781705020920502
1983-09,0.008447182879387116,0.013484836608338074,0.006582756324968464,0.01640035346233558,0.008842944646641851,0.00823066981075513,0.013786162368473303,-0.01292681119184487,-0.011435536734514688,0.0061609543372698715,0.03480536773955994,0.016698722749907916,0.024642994166394525,0.002190060854020962,0.026632904446314637,0.010836237497867187,0.008842944646641851,0.01082038507079175,0.011042733277087702,0.011837431681665598,0.008148265412003882,-0.034109911664981375
1983-12,0.009311862512527858,0.007689131888738321,0.007616493329831775,0.011509788853291424,0.01297349398382661,0.007710365003087416,0.007857292185821617,-0.014371925162091344,-0.013486407278890476,0.006403632105509601,0.036589311412419265,0.010824670873528385,0.001647394664103483,0.006297671062319226,0.01832103172971067,0.007792920477582256,0.007710365003087416,0.007282801608723531,0.00795644919910692,0.008431262138463593,0.007856829708024673,-0.029364575179141296
1984-03,0.010136902980023177,0.009018653578352437,0.008559524225820438,0.007351503498703574,0.0005043023456514188,0.006949759897151953,0.004764612375265997,-0.014655931260425793,-0.015461886262613498,0.005618101176757471,0.04216315288398807,0.010449695768103779,0.015805780747385062,0.012377081867019048,0.006178630495647014,0.007317325621122011,0.007351503498703574,0.006389124438111967,0.007410757744637917,0.007535031313878178,0.007601888578660522,-0.05736327532892741
1984-06,0.012323909683312512,0.009797652981669708,0.010452159017351158,0.00013089647213301858,0.009297014715202421,0.008694248369429988,0.006483571835732987,-0.018157977255466307,-0.019082196931947733,0.0033546980017642564,0.04002875263727543,0.012090431451869818,0.0006122208347068133,0.004815301040575393,0.0007316364267969389,0.005438154618693761,0.006483571835732987,0.004663520275006054,0.0054774417892860935,0.005221052712724616,0.0071599486881327125,-0.06149317753486623
1984-09,0.014848870483123888,0.012670750035583878,0.011717821681915451,-0.004442507596849665,0.005948302657713376,0.008950721854364383,0.02328130233903514,-0.020941440982493287,-0.0256009743070077,-0.005450222296961951,0.05027539824893583,0.011653569895638104,0.016542068933128276,0.0065170095877199324,-0.008343834131022687,0.006508455760188199,0.008950721854364383,0.005611724035453449,0.006584631708025808,0.006847141994096583,0.006696076213652989,0.05967021477999723
1984-12,0.011290267534497689,0.016061302116740367,0.011064015859261013,-0.0048837439580776965,0.013354373817221526,0.007630841477180173,0.03379719563570889,-0.0216496704154348,-0.01646332651918003,0.033374710763829675,0.02168955273748038,0.014224998984248352,-0.004967808058036867,0.005010157742113072,-0.012110089240366828,0.00716151856514566,0.011064015859261013,0.007328865635146987,0.007036000663985858,0.007068219393863329,0.0070516073449707365,-0.019061664659843405
1985-03,0.01180322221813107,0.011936027231274682,0.010754859945968254,-0.0036105679737538504,0.005325623420895155,0.007347671193509084,0.04157630416911965,-0.009856758344555135,-0.014228480271603325,0.019760912610902997,0.04641034160697276,0.009885948179706977,0.021207483420900553,0.01480993184781872,-0.014727492036319567,0.010559668481264535,0.010754859945968254,0.00974709058833191,0.01052617772057759,0.011138319699542185,0.006877518864938642,0.06009396077493412
1985-06,0.008827449815705296,0.012931845872735631,0.009353818002291493,5.3253106583883714e-05,0.0039636833301864745,0.007365166485431375,0.04280076192700555,-0.011223118229718925,-0.012486447953628563,0.008496543031044596,0.041581401887927666,0.00915992980103086,0.0015223339595763956,0.007297134906752559,-0.01300312920311314,0.007776041782654075,0.007365166485431375,0.006680230308916827,0.00775123896818164,0.008403285506630618,0.007229945632554506,0.04063955496512782
1985-09,0.006279665720034133,0.008892352079381743,0.007392958244275466,0.0057887179439038705,-0.0019898810224782838,0.00626958139235775,0.043858330657287,-0.002882609740903777,-0.007068434324218161,0.031307348731439075,0.046305475448966536,0.012415084986778162,-0.0032367372768489274,0.0066432936150205065,-0.01241201855782717,0.009837541859811194,0.006279665720034133,0.008743820846617583,0.009644827650874958,0.00910397442947596,0.007449745693953014,-0.06830020198071404
1985-12,0.009412571760741034,0.00539098234033808,0.007453329367670861,0.00872494627929165,-0.0015804803073600302,0.005892293247241737,0.03245739576161369,-0.0042195538232369795,-0.009158430575505395,0.0062401621523613445,0.0438609685296562,0.010804413321223326,0.022013337244649142,0.011176574339201287,-0.006756539265892564,0.009447464691466225,0.007453329367670861,0.008231494801372505,0.009476363834551124,0.010146498417172061,0.006954647996732968,0.1426190685413004
1986-03,0.0023731857203508067,0.010065296581087818,0.004475791577214526,0.014155565783796217,0.004234307282137384,0.0033978128691953963,0.03777352117921104,-0.0028283262914633733,-0.0024297865993314384,0.027046545055167646,0.028458689539130097,0.012669498843282783,-0.007510453390114202,0.009195292610881896,-0.006579684698075655,0.008966483737498062,0.004475791577214526,0.008018014482567238,0.00889682376310469,0.009583664520960117,0.007835585792476913,0.11297699734948889
1986-06,-0.0027727597568109885,0.0022711791602478826,0.0028512504291646062,0.01696582879878991,0.011822896522854379,0.0020886532930573156,0.04067319257462485,0.0007236758616040277,0.004120114665478281,0.04327181023257999,0.008388594992527356,0.014915306535675884,-0.08976854702309825,0.0249335389801912,-4.5994058717357955e-05,0.005362582747211272,0.004120114665478281,0.009764267538360565,0.005213947732543258,0.0068221142347009295,0.008513917479941506,0.033579070740895806
1986-09,-0.0045254594427222294,-0.0046279767062448185,0.0025215288659465457,0.016824902898820833,0.017479437705810667,0.001899610507327931,0.036770819725318434,0.002575541860120524,0.0037451072932013565,0.0064644949263076975,0.0177920857412076,0.011893735576942673,0.0137121064809262,0.013012095054916644,0.0075749616314805535,0.009540866141290707,0.0075749616314805535,0.008536165315406694,0.00952207621139287,0.00957861777019008,0.008674591539306598,-0.09334352974007341
1986-12,-7.395642856189433e-05,-0.0076538084673377915,0.003206041013354241,0.016440020283233756,0.029254151733586448,0.0016646084726598676,0.025830641343386244,0.006472200267269544,0.0019283127567273316,0.003388239335686446,0.03798644584384312,0.01204830873563763,0.033443145434743984,0.012285787554001136,0.011885858955179629,0.012540399788893984,0.011885858955179629,0.01213641226591572,0.01262489716919651,0.012589277691307021,0.008024794588482523,0.03387972073318341
1987-03,-0.0020267910090408514,-0.0016258076135717558,0.00206256353009375,0.019495610375476424,0.009155113073812325,0.0008410947611274013,0.030396488742209175,0.005174904381401738,0.0032254081950765755,0.01601910015248597,0.027152781537540034,0.01411521304351762,0.007562520087810437,0.01640213467908884,0.012160860370356325,0.010674079620492266,0.009155113073812325,0.010133961274939669,0.010709975310344564,0.011211672048996117,0.00818843336155025,0.19070074637651244
1987-06,-0.009725903889185872,-0.002400360919838418,0.001746468965552389,0.01798143668935366,0.02006100456779071,0.001873083965396028,0.029030278455142167,0.006115366884679625,0.004650269015042851,0.009670024745125055,0.029255468446136593,0.013583197191877566,0.012519672551270542,0.004498535615768632,0.020712868851544886,0.010638094075710428,0.009670024745125055,0.010772449736823517,0.010724133875452735,0.011138749898754116,0.009336309544034289,0.02819160953033946
1987-09,-0.010097640191046475,-0.012135400080277553,0.0007654727177574469,0.024814239476658458,0.029990173786137414,0.0019377441316487075,0.0225705323235737,0.005897909813327704,0.002889077353365254,-0.0026677405625690383,0.041238874623170774,0.013031632550606605,0.01464079021770123,0.006955426405763009,0.01843773473728269,0.010551255153539996,0.006955426405763009,0.009935796366169748,0.010711174644496672,0.011327104745568348,0.009454155168948696,0.04447631578947369
1987-12,-0.01112997013904135,-0.012668057960709217,0.0022651959083317963,0.0171234826213872,0.016459111535948392,0.0022950531849994186,0.021863187510916687,0.0028623570719081178,0.0006571877271804479,-0.006147539224644821,0.04813160457696995,0.012314729455553805,0.015978791438485112,0.006367066203921178,0.01470959521390136,0.008738786341673872,0.006367066203921178,0.007355249885295951,0.008740290370184355,0.008248056253686603,0.009671684116902267,-0.24826548177609287
1988-03,0.00037801743033591406,-0.019540787496685946,0.005404526297017577,0.007332074822258644,0.4132748984925802,0.0006650384570330813,0.013258848962214667,0.0039601817620468945,-0.0009563872813564064,0.02591833218635619,0.038276428267944904,0.011070818958489922,0.009089878244747203,0.016213528837060894,0.015388482640071421,0.03598225870534101,0.009089878244747203,0.01123075150647853,0.03287515762272276,0.021370242036305394,0.008079479389167728,0.03337328395661312
1988-06,-0.0011637157267143372,-0.0003469215679079152,0.005891972472758841,0.003279748092588089,0.01830945131408386,0.0010498095639186952,0.018878182712764844,0.004483014876167309,-1.7277920426245208e-05,0.015079440220623155,0.036550006610784586,0.011242813060404809,0.01260274408335851,0.009151487101005018,0.01587172944063775,0.010057498955603131,0.009151487101005018,0.008882784111536672,0.01001205686589389,0.009604538952983837,0.00823465610430543,0.04218323419212809
1988-09,-0.002186214381616869,-0.0010478343872568074,0.008218299288535819,-0.00791830603863479,0.01329651123160596,0.0003268053917393106,0.02801086428131466,0.0011610689892470709,5.610078156161741e-06,0.00799336376812209,0.028680037807185046,0.010965302825552704,0.012699764565900752,0.0053659246190289455,0.013360662621049374,0.007928790710661961,0.00799336376812209,0.007551548376259936,0.007877834557313373,0.007524758506962744,0.008441659629231178,-0.02196352833638016
1988-12,-0.0006068503671902425,-0.003165429839045081,0.009170041873059254,-0.010332055802817777,0.008352428490655478,0.00020611557055708052,0.030035570987979078,-0.002686214163712085,-0.0002444878826116624,0.011041489812260382,0.017746269655937133,0.009970143174643916,0.010190840153383184,0.0023435170668381806,0.013941846053270562,0.0063975483188804935,0.008352428490655478,0.0058661315075420085,0.006361690189719344,0.006197208088562332,0.008257385762772927,0.0032673642013900696
1989-03,-5.4236958226289156e-05,-0.0007894701607273902,0.009615492937925171,-0.011359642503314338,0.007258120162288776,-0.00018274474406184543,0.037167377470237704,-0.0065365072443537425,-0.0002327714861869827,0.010719618378599364,0.006970570072571451,0.009926403454460254,0.0011802171349467013,0.013610586855870459,0.013022364886025983,0.006021025217070351,0.006970570072571451,0.004962126406856301,0.005999663513045462,0.006076458656097439,0.008227325391921224,0.04157784459167507
1989-06,-0.0016473826254162216,-0.00013153419230726993,0.009596423194829964,-0.012386998685404854,0.007250243892834132,0.0005861940697171625,0.038617639425567354,-0.00944412596892498,-6.404567535870168e-05,0.00905758066942026,-0.001131383428671369,0.007449705853395232,0.006860180358243803,0.002864001132341705,0.011931961793391094,0.004627230654243821,0.002864001132341705,0.0033213706979611395,0.004596004280558226,0.0047649319991194036,0.00842702909970418,0.056323520534472885
1989-09,-0.0034270402599871352,-0.0012897943330300865,0.008488425741125315,-0.008714499800920053,0.007585166054057989,0.0005439935500607101,0.040238470398474724,-0.00550248210946374,0.0033993306022466682,0.03438096088989894,-0.005923969081994315,0.008508540451637627,-0.0020075119503776793,0.0035070725874713354,0.011506137096777336,0.006086186655731842,0.0033993306022466682,0.004597602249109459,0.006045827069099686,0.006788538096810929,0.008712127263006375,0.07765003302094467
1989-12,-0.005860208457771049,-0.003204786617687694,0.005562210846350023,0.0006520179173951368,0.007405676853173028,0.0007085491553565151,0.04370439835933852,-0.0028120378495368817,0.0033525184782312,0.0056938831908501285,0.0032080454499180816,0.008539044683440298,0.012673739623322848,0.012771611333623882,0.00864452332142418,0.006735945752495214,0.005562210846350023,0.004861153568143135,0.006707980666167559,0.0069236025067676114,0.009120043865124354,-0.007202581268795551
1990-03,-0.00492373134635149,-0.007236474481026267,0.004452126301714064,0.005725191216108011,0.01259725258227657,0.00029495875256517305,0.031228003514353415,-0.0023364051786263704,0.0040473213927310105,0.01764408398771663,0.0007690991460241915,0.009204947884812223,0.0008577500705014259,0.010835265387906662,0.013174593402713985,0.0064222655088946165,0.004452126301714064,0.005564804123084007,0.006335017029829304,0.006302827611313574,0.00902402842316012,-0.057162153367289185
1990-06,-0.002017547606223802,-0.007074905214141586,0.0036132673825052877,0.011546133844656518,0.009245868491063474,0.0016215391160814586,0.027292802409014695,-0.004057019452031227,0.0016568101054588932,-0.004956481647482727,0.006135247810972732,0.007300779238813242,0.022381094251180247,-0.003308472998890862,0.012170795439982063,0.0054366607447305605,0.0036132673825052877,0.004717847228929638,0.005398342310560502,0.005180287696058632,0.008636974728479128,0.033435856327587096
1990-09,-0.002913753985339995,-0.0023296386119841805,0.00231879701427809,0.015643751552684104,0.007931366748714749,0.001204570459987871,0.021064101446466546,-0.002928150488284778,0.002606833480726059,0.01670888097678921,0.0052905606717961965,0.008967279469315683,0.00539055314466799,0.010010627912314213,0.017313499264170445,0.007085285270420147,0.00539055314466799,0.006780256007547726,0.007062443754571223,0.00685309825129173,0.00878115427265999,-0.1644844882967431
1990-12,0.005538207840873888,-0.006089997103899014,0.004967816806204339,0.01360674058018245,0.013315567125515598,0.0014388627160105902,0.017348033281617794,-0.0028034306457643196,-0.0002833615295462569,8.408183240152592e-05,0.015375243723541527,0.009461615547224586,0.01445386206953592,-0.004842872567855146,0.016521103191193875,0.00653943152448249,0.005538207840873888,0.006679495129962968,0.006502742419360409,0.006250283459344519,0.007779618766478469,0.06057402385231178
1991-03,0.002674747463631638,0.005881932600874995,0.0030518310820448757,0.017013676205700247,0.012048776400053762,0.0007923659934693968,0.019774262357588675,0.0005428117035759274,0.0022250204482759835,0.024308846254315605,0.01466613316004202,0.0135828755282129,-0.01069583247475566,0.010449970308286812,0.02200351000795464,0.009221395135951455,0.010449970308286812,0.00959291640459322,0.009233541755831763,0.009283453043193772,0.00808303488766142,0.11942278783841068
1991-06,-0.0037585725561400662,0.0018422745320202938,0.0006367577683527581,0.019712290846520063,0.011897166231864443,0.001411589313630045,0.01805114247535502,0.005058533377518368,0.003198610008202381,0.010531531721087445,0.026234683086700922,0.01166635563255771,0.020983667875859955,0.01035088335865464,0.028770413782598148,0.011105821830318807,0.010531531721087445,0.010890422017563389,0.011146168303680988,0.010914686943562674,0.008719262047379986,-0.02559531874633549
1991-09,-0.0031658849821306345,-0.0062843269674074664,-0.001192292992208674,0.02541072144574876,0.008982607372087127,0.0010646955200310972,0.010784647563664347,0.006374865270478772,0.002548750906731543,0.007297213073575075,0.03199578444892977,0.008528190273898343,0.013404457608059292,0.011861217297423643,0.030571800576962405,0.009878829761056225,0.008528190273898343,0.009420845302640084,0.009945977064953603,0.009771697517916763,0.008524292838324784,0.031069072637137617
1991-12,-0.00476749654692879,-0.004568567277157903,-0.0036484384363259514,0.033113044406979125,0.0075986906985548225,0.0009584466841898037,0.005301703735846347,0.008061505345836367,0.004572897521069694,0.02573467099499905,0.027493231446733712,0.007969582495128824,0.001463538047052011,0.010415711676481686,0.03364183512181734,0.010222690394285076,0.0075986906985548225,0.009574309026106738,0.010314724179624651,0.01050488077669997,0.008651664475606212,0.06231224410869896
1992-03,-0.008463596595503997,-0.007052518411440362,-0.006089694034923446,0.04258519473073799,0.009888683886367412,0.0012604055268944057,0.0004402303852524096,0.013435158995705916,0.0064731774402152255,0.023955707830458712,0.03512624221169172,0.008960794147051698,-0.0009494154894551313,0.014840643190001463,0.03550682070540559,0.011327855634563976,0.008960794147051698,0.010445864337171203,0.011381597859668675,0.011097712609040956,0.008953128406129204,-0.04230235860365868
1992-06,-0.0065133349384688954,-0.011365757254023973,-0.006191067100253564,0.037804060087872585,0.005953107923121062,-1.280926947580703e-05,-0.00631118783301941,0.013223609871826674,0.004486883996616602,-0.0034398019352567585,0.04223627327186871,0.007992195945836932,0.022763444049130475,0.008918195064964272,0.03608967138422073,0.00970889888433064,0.005953107923121062,0.008827920557470377,0.009797846758416398,0.009217208502123318,0.008666784903281228,0.0009233099655676629
1992-09,-0.0070656231382482115,-0.009185223843996254,-0.00510795282571011,0.03243781711342289,0.006963823957250641,-0.00030556155254075727,-0.006907786419896467,0.014808272430372978,0.005268877460558707,0.016720702107403597,0.04164391505931559,0.006996685636884501,0.005445272836915822,0.01290477388804719,0.030692484722309954,0.009687365162139338,0.006963823957250641,0.008680906632059287,0.009746762772008215,0.00934445900174257,0.008623765598071709,0.014518349095898433
1992-12,-0.007782788953595354,-0.009208371129858839,-0.003935422636190997,0.028428327926841225,0.005824177227906726,0.00013185016812731522,-0.005303367900134748,0.018083034860365013,0.006712323904931736,0.021462947742112794,0.043130391194401055,0.005269354832554994,-0.0029370405684957593,0.011402075724734832,0.028918890632051192,0.00934642553505008,0.005824177227906726,0.008174950997016074,0.009410802822847335,0.009288187460752622,0.00865633235772821,0.03559240067017702
1993-03,-0.009598845904467967,-0.010148839857356318,-0.0027875204812635376,0.02479655655622263,0.00574466656058426,0.0006447800759359409,-0.0032380775540252066,0.01686277490621322,0.006479769087555945,0.006812751157869846,0.041115567970435814,0.007231936337046874,0.013711821796844246,0.015487364044257594,0.02546571285072921,0.009238694503105502,0.006812751157869846,0.008277976110269465,0.009298236178081617,0.009213051829934196,0.008804332733071336,0.028579868490509752
1993-06,-0.01058872531765681,-0.011714069662605603,-0.002098704274765134,0.02279526350282931,0.006585271439287674,-0.0005304212756964254,-0.0017790377111906626,0.018136569033345706,0.007208949085799582,0.021848702346663276,0.041076743198401926,0.0038844111043573977,-0.0004405171693830246,0.007077687321717629,0.025091165878801475,0.008436885833327088,0.006585271439287674,0.007476201074162307,0.008460128000376058,0.008255852466155166,0.008912395769997227,-0.009898966612792638
1993-09,-0.010252392699806462,-0.01363065174566841,-0.002713157038333344,0.024201855448658754,0.006361303051263355,-0.0009544991848905726,-0.004224564142637055,0.017393245028610435,0.007961183108456109,0.019256402327006206,0.03441552255387335,0.006050825457327326,-0.0058459493790072314,0.014043193262649814,0.022520243627608405,0.007638837311674045,0.006361303051263355,0.007215206835915826,0.007647498866769708,0.00753263561212636,0.00881016010487337,0.01096970734468293
1993-12,-0.010937271195571557,-0.01311049168450068,-0.0017419619547885679,0.020419342879234102,0.005132722196931908,-0.0007822072084292964,-0.0043655525300932176,0.01786863157164655,0.009001826859207286,0.0207245935939912,0.03072073981766058,0.005274870953728838,-0.005432596649895496,0.014819110597288758,0.02245355329272694,0.007336354035942489,0.005274870953728838,0.007110389415844419,0.007349435308024909,0.007305530960162423,0.008821833333196664,0.009010941211077837
1994-03,-0.01123726891001206,-0.013579416192123855,-0.0005254871835680547,0.016079093320697305,0.004914345400094446,-0.0010202220633486764,-0.0063302786917835,0.017321707787238662,0.008327406426344209,0.0019847245222256666,0.03205961653814593,0.0063773084108659644,0.013129852215240701,0.014804243078496175,0.017074673035553434,0.006625353179604423,0.0063773084108659644,0.00622308441138802,0.006612396284384576,0.005998127174926221,0.008822850042217532,-0.05198486976096046
1994-06,-0.008895794318439704,-0.014549199455767936,0.00030734030704385185,0.013856158472021714,0.0059968119803954405,-0.002158995644334357,-0.005020190187153335,0.014926071826745067,0.0062253937242569245,-0.009134647671309387,0.03317296601191583,0.004502692580752855,0.015867513503465706,0.009183251353481544,0.016345388833561764,0.005374984087775731,0.0059968119803954405,0.004769307289268315,0.005351394039274239,0.004484314847351458,0.008497675070008023,-0.012114963994885285
1994-09,-0.008214942628629485,-0.011211914809754309,0.0023274953996834033,0.007874124844312082,0.006609640024640054,-0.0023587815409267937,-0.00044284254436848663,0.01202471994706807,0.004888071494612026,-0.002840378477542734,0.030647342180841888,0.004792214178461844,0.013595267726653017,0.013564280949696366,0.014941877039057666,0.005746411585586974,0.004888071494612026,0.0051354420317474645,0.005732119017085979,0.0052084082120728,0.008388033372854337,0.031156291219303606
1994-12,-0.009529325109393333,-0.010062954858489598,0.0033939002085216427,0.003419064541991035,0.00522478887269303,-0.002107465493546951,0.002783594276217407,0.010085650764144184,0.004406105045023853,0.0037373836455365126,0.028477250850716118,0.004432400168216281,0.012449938055648485,0.009319962246359932,0.013558242728063913,0.005305902396113501,0.004406105045023853,0.004705710765344307,0.005284517491831517,0.004743076545112956,0.008508500345586872,-0.018984462190140654
1995-03,-0.008251463390432728,-0.0114507720510732,0.005637832523020192,-0.0025748891481800137,0.006331852073152598,-0.0024832168801356587,0.009921448108978888,0.005755297270667752,0.00427411064825494,0.010012552823778002,0.018127214796279677,0.004253309456401837,0.0026637787835104816,0.01723250633151942,0.007683312100205786,0.004475524896396532,0.005637832523020192,0.004650494669287806,0.0044355446476518805,0.004578089061046996,0.008363800542767252,0.07623014784331651
1995-06,-0.011657311141291093,-0.009868434076612587,0.005576821817860109,-0.00520486429977212,0.004934417904203708,-0.00012205493474258013,0.011583331753829515,0.00558763025373335,0.005831636353529155,0.02143180836454807,0.013020561554422896,0.004002203853826644,0.0073757266346898215,0.007395663970290569,0.002810815344633094,0.004179863556876569,0.005576821817860109,0.0040710350869147365,0.004122758717295009,0.004666724895230072,0.008719121732822485,0.07363010375267134
1995-09,-0.01368072808873233,-0.01274957081395972,0.005462037729026432,-0.006015365716835364,0.006235989304722057,0.00077032134384406,0.015592490136100475,0.0070565682527186785,0.008282278121506833,0.03335577401968958,0.007541175443687098,0.004851533391111933,-0.0055326233182151525,0.012261213435715181,0.0036387465260878937,0.004471322651097844,0.005462037729026432,0.0036457533719623384,0.004405435420268927,0.005635238487131104,0.009057199764175865,0.05912903854979345
1995-12,-0.014735280689536695,-0.015201383504584609,0.0049011361763987085,-0.004797752316322908,0.005828097398872063,0.0018017164395983682,0.017078553478210974,0.00813005017481283,0.008716520798970267,0.011791801149049853,0.008994883326940538,0.005414472677764401,0.01032021128327446,0.015498305945281801,0.004995378341865253,0.0045824473787063535,0.005828097398872063,0.0051430415928437655,0.004527246383756688,0.005520234220552882,0.009316639343375954,0.040734737598603674
1996-03,-0.015079156181259906,-0.016882756401195187,0.003545643952919522,-0.001342162025701664,0.006623984195006565,0.0023921772751721417,0.011662313748985824,0.008886350588861225,0.010319734284969191,0.02699254195717446,0.004625795137681164,0.006403774671670082,-0.0011149896148357763,0.01861507681947435,0.003589873916003461,0.00461588015499503,0.004625795137681164,0.004548339751457398,0.004550445259139051,0.006060665885899274,0.009478588303454449,0.03515870228759768
1996-06,-0.014829033989391616,-0.01715743946820139,0.00303996658582803,0.00019628027617064892,0.009753370444869652,0.0029305846746485965,0.010947970432807583,0.0097755051263659,0.008504866412409395,-0.01162734581178607,0.014515493416477952,0.0067190381698503145,0.021377134751904225,0.004824491528868199,0.0010291561068691557,0.0033333359105127054,0.004824491528868199,0.0035215648749221343,0.0032259159333861338,0.0038140440170333,0.009610281195680824,0.026531061192873705
1996-09,-0.01480613884437118,-0.01775429288248756,0.0030599488675240177,-2.2247867195734905e-06,0.007631316465555959,0.0034786821019264554,0.004662657642692594,0.009316301439398905,0.008143764849583745,0.005728546807177482,0.015175265066295079,0.006967557740545758,0.011167512746532481,0.013824098154906426,-0.001731689976724099,0.003657420359455766,0.005728546807177482,0.004418487169848382,0.003568891088251995,0.0045644551696174054,0.009696611705870583,0.012147135156494668
1996-12,-0.013954373770076134,-0.017485922536081,0.0032673548703294336,2.77878111395527e-05,0.00959309976281423,0.0035597570388484134,0.0032558972567179358,0.009330683672044503,0.00814104903975272,0.01031423809950237,0.015255350041292255,0.007001542231735949,0.01107549394478795,0.013145046174148146,-0.005462247961814132,0.003804317045009479,0.007001542231735949,0.004561179089994687,0.0037044641943965602,0.004957596231742564,0.0097090509112037,0.06501284755059587
1997-03,-0.014013178340304577,-0.01567949088342052,0.0038916292293192586,-0.0012431337002672266,0.008540256797124168,0.004859248387696797,0.006991587343973796,0.010365844401577437,0.009177276686153445,0.01868316065416444,0.014265567945834999,0.007379687678103546,0.006034899876957432,0.015635392630479892,-0.007233448824037536,0.004510353325557023,0.006991587343973796,0.004973202316354726,0.004419424316265356,0.005919292982476336,0.009988363015443053,0.00983802211302213
1997-06,-0.013686933564623055,-0.01773739924338022,0.004224872429093411,-0.002094080798965732,0.01066441617365211,0.005074146087839071,0.00879849164572358,0.009400142278758954,0.007993743613940178,-0.0014873622946652244,0.016913752355512283,0.006729620367133145,0.01556501326871227,0.011360767814992678,-0.008966617546300043,0.003516838172494894,0.006729620367133145,0.004121247651945488,0.0034329173774743905,0.004675288680637048,0.00998760753352134,0.15623812341504653
1997-09,-0.012899761763177267,-0.012994618787098372,0.003603483760196903,0.0017673036982918666,0.013926657647034362,0.008689502149103448,0.015683214049868804,0.011012853844513028,0.009598380254204536,0.02031213944697069,0.016384116492609332,0.007616932283665366,0.00711943618320091,0.020003167567774528,-0.008203901844672151,0.006774593665499065,0.008689502149103448,0.007253952640201051,0.006703289624626211,0.008138431644421434,0.010718860112928967,0.05787858361389167
1997-12,-0.011419437135002597,-0.015608576591171208,0.003539132607738464,0.0033530525290066913,0.01432096113816694,0.01000336309221487,0.013670153007334741,0.011162584830610108,0.01073937275411091,0.021987171310208276,0.012423803007277114,0.007423685565138371,0.0038860379915789146,0.016011283070348402,-0.012910484946087486,0.005905473482098167,0.01000336309221487,0.006323346731725803,0.005803392902961197,0.007269936496634862,0.010953485602983508,0.012063392027700261
1998-03,-0.010697797475128876,-0.016281340895939342,0.0030717602889336754,0.004398184496249933,0.02284031903565386,0.010060290096146429,0.01310388455648346,0.010289696597957733,0.011824113329273765,0.02358832352213595,0.005449061540528108,0.0075581146842237205,-0.0032828631059863313,0.021745294003034477,-0.010685570407100803,0.006198764684431051,0.0075581146842237205,0.006590345203097626,0.006078870197522289,0.007802810433267943,0.010958980189244483,0.12242145543728036
1998-06,-0.007021636504217124,-0.010471121010224488,0.004013891159323921,0.006825136150995958,0.011931571352224918,0.012981806403934988,0.013103265041918158,0.011385475579915094,0.012377359999298596,0.011619680529028993,0.007433122794382702,0.008844869268902357,0.012024297921111699,0.01674161556830293,-0.011538807682265673,0.006683368438175536,0.011385475579915094,0.007311362975891982,0.006622312343465574,0.007889182930049518,0.011508056421993429,0.01655138983435434
1998-09,-0.00593494215585233,-0.011867169115597875,0.0039052632784860597,0.007625389626431504,0.011969919140344702,0.013082210541830251,0.008525165439022679,0.01161920495354117,0.01300063741872951,0.018698740467226953,0.005369863821717667,0.008902747284512817,0.005449868972511802,0.017519348521162496,-0.014128881557053413,0.006249157775800933,0.008525165439022679,0.006859039055910805,0.0061576379171947885,0.006868566503418276,0.01153277864460304,-0.11548922952092004
1998-12,-0.008759171191916534,-0.017687650163773952,0.00180607178830558,0.00680546251030666,0.03332566549028574,0.009944648648901015,0.00781323510590971,0.012540796858800978,0.013687578342758544,0.02708636892820421,0.0023870364029962253,0.008818023776526629,-0.011915536258520784,0.018157794732182125,-0.01636531407102157,0.005843000726662972,0.00781323510590971,0.005538999659494829,0.0056853359540888805,0.007233203457347632,0.010913159092576098,0.19714551454754625
1999-03,-0.0035187292938439058,-0.00471802522528901,0.004418580117262962,0.009064160740028642,0.021546438788360905,0.01425691875862262,0.011260763682687828,0.014377286343227477,0.014125979680153104,0.003857536130848256,0.008330600730757523,0.012621284251551177,0.02179157050282049,0.02165526188799366,-0.013555901311814639,0.009034248385557806,0.011260763682687828,0.009790619737873941,0.008945131088506237,0.009792325490226359,0.011817199653037118,0.03550938453340709
1999-06,-0.0018592712154646904,-0.006188059521304579,0.005220692059405063,0.00928690997488278,0.021074942776874245,0.014773214345646572,0.011009432734285717,0.014272952614517446,0.013037399642012072,-0.0025784343449387504,0.012870367856089523,0.01190511621031562,0.01735995777084695,0.015757620621765136,-0.013111303319113893,0.00818876921372128,0.01190511621031562,0.008835992211389143,0.00809847518480997,0.008953554156815171,0.011931654652459196,0.05601910259101206
1999-09,0.000496438167686665,-0.0036572769012305217,0.006912140904252396,0.00873717993113514,0.018361360246184406,0.01589393764054476,0.012311754541397428,0.013931325171579679,0.012403415827920606,0.002387048142930626,0.01523199572769698,0.01111884259037476,0.006790230736285777,0.015276064426796835,-0.012693293148482665,0.008233410933671526,0.01111884259037476,0.009064084377490088,0.008152655540302813,0.008761745870586323,0.012143613536779162,-0.0769887388814826
1999-12,-0.0026758230859290563,-0.008476471896301851,0.005381728746095646,0.00641147247512279,0.015848607093174365,0.013576788546858964,0.010975061910764673,0.013025093586016823,0.011517151017665187,0.006764129070695928,0.015540086794613684,0.01083474064635797,0.011430783250500022,0.011177594101293343,-0.016264085764446407,0.007004457099498805,0.010975061910764673,0.00811402578182724,0.006947941369793373,0.007717982089946857,0.011717142951045851,0.1337264798746403
2000-03,0.0024853201599050675,8.769137623436396e-05,0.008190986820507295,0.007861446051080797,0.017048166285322332,0.01651056312343917,0.013054501424028619,0.01140938058963779,0.011233728798441863,0.0029221495525304977,0.014582326959264882,0.010046752685018274,0.018764777617132907,0.021365285454272385,-0.009782400697851856,0.009718711746597625,0.011233728798441863,0.010322907034041836,0.009683717919929911,0.010242968069252328,0.012298139793539158,0.006962565935000898
2000-06,0.0025997840441725276,-0.0010906639238601329,0.008348865235850225,0.0072077188820863225,0.029383412699394127,0.016257950271951517,0.012784477064578834,0.009317936408438799,0.012752927796726475,0.030904837395928714,0.0034344282086091853,0.010441043934468382,-0.017172922807014504,0.003165864372392361,-0.011962349681491263,0.007758220660148771,0.008348865235850225,0.007895491947178257,0.007603923953821081,0.008247639552954327,0.012272852713640871,-0.04357278256749726
2000-09,0.0004354365082458178,-0.0036945795611165247,0.007472515086762516,0.005028144944733838,0.02910120552704312,0.014829135675392596,0.01918956272468866,0.009054567838773241,0.012390038843953345,0.011152025340933713,0.0035005587755757,0.011150969787797175,0.008540129799155867,0.015449235416552286,-0.014765125621026193,0.00858892140583101,0.009054567838773241,0.008807518552419095,0.00845567057286354,0.009103835720812054,0.012009429905710975,-0.0266614086346761
2000-12,-0.0009690774936710819,-0.004798841077270667,0.007115621877000232,0.002816825660791708,0.01195253641627582,0.013923736048900778,0.020394614109802107,0.0075575053094879205,0.012445843147297313,0.014406482729893064,-0.000817575395665229,0.010267542954003695,0.01704497937334372,0.014580860606188026,-0.013970544961615788,0.0074633672869841095,0.010267542954003695,0.008117418473582716,0.007406325075764498,0.007629130925408851,0.011827876673126998,-0.09591137548642202
2001-03,-0.004217495208018257,-0.009200282113467767,0.005390729589189746,0.00016020000450403873,0.025571450026895627,0.011520532729923023,0.023053226923446676,0.008010489000324517,0.013221749310422666,0.02613667019440294,-0.004915478570434069,0.010419093116415173,0.002758313761157649,0.02111360911179008,-0.014055381174125609,0.007664495113495096,0.008010489000324517,0.007914318283242239,0.007512131202903747,0.007343401337335022,0.01132442222378331,-0.13557354424818976
2001-06,-0.0072777318470920865,-0.013666514166517735,0.003385873411456561,-0.0016291875078556783,0.02384245956402165,0.008255887371989942,0.02228552621477843,0.013201716961697408,0.01245596359252074,0.009996673941321942,0.008475281622632702,0.010181966029969533,0.027791385255281936,0.0072855512223282855,-0.012485679627503687,0.007473278135935328,0.008475281622632702,0.00753648468848198,0.007348866027896561,0.007509452933747909,0.010641175868099716,0.04418428679772157
2001-09,-0.006920764393809328,-0.009068998398916214,0.0010174086835762763,0.0058249054006419936,0.019919188737195528,0.00903370133990316,0.017585225273131833,0.017427463522947075,0.011890557785458267,0.0032564238130580085,0.022218741035796123,0.009674674918854046,0.023627535570578832,0.010255457409630853,-0.005404294623579775,0.008689148404964446,0.009674674918854046,0.008906052992523391,0.008597257385488423,0.008451996793394425,0.010796468048329446,-0.15857554148086442
2001-12,-0.008499456185058513,-0.015171654582587527,-0.00478016512366157,0.014290224126182364,0.019212469473132238,0.0054891630145727024,0.014502122231667122,0.02000495100885194,0.012183298050032435,0.022132734771074972,0.02467320966895129,0.009541853429652549,-0.00414526766454658,0.019287721053053777,-0.002719184353710935,0.008400134594507084,0.012183298050032435,0.008961574140864808,0.00835997232060666,0.008524767102709753,0.010015951875383853,0.09632620131803943
2002-03,-0.007801741150830821,-0.007883900424691753,-0.00460016835278871,0.020108641673854094,0.013563542420187103,0.0072251815106421785,0.012824420842982794,0.024701000653085052,0.011840371150887104,0.0018136724591499634,0.03909348533941259,0.0141159613779443,0.02441191358725526,0.03250530495496312,0.004847807923657382,0.012451032931047311,0.012824420842982794,0.01196583915776837,0.012485365911951034,0.012475907015767692,0.010411870450808878,-0.0048260034143960615
2002-06,-0.007716391476974643,-0.009903333245460416,-0.0045973380851615855,0.01971078217186931,0.012866883369457398,0.007726308671506362,0.012598915197773973,0.02396754279791902,0.011086491369001058,0.0022141330238010124,0.03998249037808277,0.014156872157476309,0.017506527741989516,0.007748997951833396,0.01029370555845771,0.010509505838771412,0.011086491369001058,0.009812571572996063,0.010477255324969044,0.010095038817721426,0.010342291118091049,-0.14181278401415398
2002-09,-0.007676248792514204,-0.013237664223494441,-0.006484642409909952,0.015558639437265372,0.016281385142003023,0.005912995018070014,0.0057107505828088295,0.022689421636783773,0.011256875929994139,0.021357287103123835,0.032515681806251785,0.013001596488807249,0.0036340201669016366,0.01370411702859229,0.012866048445940859,0.009806017557374947,0.012866048445940859,0.009831711213682065,0.009735680957750483,0.00918819146438214,0.009650677140217208,-0.1805666668350491
2002-12,-0.0064235508253323165,-0.013978748632575103,-0.004750516407943384,0.010239971386403462,0.039661492624585466,0.004467129670918662,0.003729427215467679,0.020894672930624848,0.012254424700989665,0.03354621276248745,0.02191788906344983,0.010869037700306235,-0.004118737723581657,0.012747923986587622,0.013849088722360625,0.010327047811649939,0.010869037700306235,0.009940228706364518,0.010164272951513243,0.010009765108943051,0.00878996517652822,0.07507475039556494
2003-03,-0.006811036304123885,-0.006441614947044538,-0.006786054556292692,0.013241226304681842,0.025941178113190473,0.0047522723555902735,0.005855979713711833,0.02309886535685217,0.01252733999776076,0.007167572650707266,0.02630092833694602,0.011276811070126146,0.01474601259287922,0.020673494563293884,0.017418690299031564,0.010864111036487357,0.01252733999776076,0.011036290270345247,0.010770763294344099,0.010367599041489853,0.009088545290127484,-0.038936901297992925
2003-06,-0.006119172339932713,-0.008699091538728526,-0.004738634546627346,0.010689519158598485,0.018976097855605237,0.004126957270357628,0.006378373174654856,0.022589749225372546,0.012099829758615979,0.007142667507768131,0.02604250392494971,0.009783662981222473,0.01269634873598501,-0.0007687200719771609,0.01762144993857989,0.008521436068962947,0.009783662981222473,0.008498317588324849,0.008455978351137957,0.008386629740275679,0.008873184543095554,0.14611744146289704
2003-09,-0.007398019527099314,-0.005569406615152789,-0.002569606333412397,0.007858240486002293,0.012289999157302422,0.00535464967163597,0.01743536010011728,0.02486166738823707,0.013900191973189941,0.018498277743514865,0.026334194544342895,0.011551578700431733,0.010079136795241935,0.022357735696766093,0.01587215314256213,0.011390410194912009,0.012289999157302422,0.011686152146648967,0.011396548964110279,0.011235600614254602,0.009485882118630383,0.01972132353695707
2003-12,-0.00682256776343762,-0.007995009304506764,-0.0006519475055777463,0.005692735820429642,0.009312262045409025,0.0054430115824855236,0.01470609823621407,0.024720223765440332,0.012106053432507157,-0.001988331371629683,0.03233984648621688,0.010578298218948665,0.013524203880283149,0.010967215947275942,0.014259440005405272,0.009079435565030923,0.010578298218948665,0.008603592022596442,0.009090150286415497,0.009130063266579422,0.0095313729693785,0.11406916925208595
2004-03,-0.006007260723003491,-0.005336062588493645,0.002780138355207698,0.00205858684460972,0.007702241098779021,0.006589640501278937,0.015578269106639791,0.025977468479069555,0.012814961792784631,0.0025895056875490123,0.034002432235548295,0.010443842336860854,0.01564709661143385,0.025124242611554076,0.0143828827728186,0.010956532341509126,0.010443842336860854,0.010488677970007085,0.011001552980632908,0.010979315530459048,0.009993929590098444,0.01060164400316563
2004-06,-0.005211872544258783,-0.006712670298954643,0.0036879282036378566,0.0015635249741413858,0.008152757554424607,0.007214236396312468,0.013006591500399983,0.025628447214255865,0.013789954784442681,0.019374964474366478,0.029647296423863302,0.008992964619051667,0.006898661162415723,0.002347995060640401,0.017239026780278333,0.009707987087001154,0.008152757554424607,0.00943732155231605,0.00972869927351126,0.009773836419123275,0.009996606746103146,0.010640472469610382
2004-09,-0.004550675743849875,-0.0059864214527443615,0.004766651534904839,0.0007339815972022129,0.007425858036136542,0.007233055572291749,0.01194475449474331,0.024135938381857038,0.01237818816685505,-0.005195345846658574,0.03140369948189164,0.008928462637611092,0.010092883660456305,0.0071252268888132055,0.01499537126446851,0.008362108578265245,0.007425858036136542,0.007693411588063955,0.008372844744412517,0.008326625743035951,0.00999943071857467,-0.02619312699414463
2004-12,-0.00384742759831172,-0.005965573045631417,0.005391301657045829,2.5835053185152557e-05,0.007197894348556683,0.006962424249265429,0.014295265629792692,0.022123176893325592,0.013238145308747945,0.021354004428488907,0.023691719869548822,0.009051137552547609,0.010918905337711822,0.018660656131606376,0.012129895415474934,0.010348490748756978,0.010918905337711822,0.010577016492879789,0.01038975455639778,0.010467177939060898,0.009841384615025678,0.08320834529598613
2005-03,-0.003832710195523295,-0.00372091442354934,0.0047656824610360984,0.002257906881057665,0.00742465327086923,0.007604094521406073,0.012838962477555258,0.020536625118864095,0.013715084472447717,0.010422912413678907,0.0195912747896989,0.008461205931700147,0.011859842905426696,0.018043297283946713,0.01099318280308803,0.009397406714113526,0.010422912413678907,0.009558245060643237,0.009421027493315677,0.0094290578719711,0.010160371400595069,-0.031326541355865205
